  Assembling CAPE\InstrHook32.asm...
  alloc.c
  CAPE.c
  Debugger.c
  Injection.c
  InstrCallback.c
  Output.c
  Trace.c
  Unpacker.c
  w64wow64.c
  wow64_fix.c
C:\Users\mlguilb\Documents\Capemon_dev\FORK\capemon\CAPE\w64wow64\w64wow64.c(79,3): warning C4409: illegal instruction size
C:\Users\mlguilb\Documents\Capemon_dev\FORK\capemon\CAPE\w64wow64\w64wow64.c(81,3): warning C4409: illegal instruction size
C:\Users\mlguilb\Documents\Capemon_dev\FORK\capemon\CAPE\w64wow64\w64wow64.c(113,3): warning C4409: illegal instruction size
C:\Users\mlguilb\Documents\Capemon_dev\FORK\capemon\CAPE\w64wow64\w64wow64.c(136,17): warning C4193: #pragma warning(pop): no matching '#pragma warning(push)'
C:\Users\mlguilb\Documents\Capemon_dev\FORK\capemon\CAPE\w64wow64\w64wow64.c(155,55): warning C4022: 'memcmp': pointer mismatch for actual parameter 1
C:\Users\mlguilb\Documents\Capemon_dev\FORK\capemon\CAPE\w64wow64\w64wow64.c(226,13): warning C4029: declared formal parameter list different from definition
C:\Users\mlguilb\Documents\Capemon_dev\FORK\capemon\CAPE\w64wow64\w64wow64.c(354,4): warning C4047: 'return': 'DWORD64' differs in levels of indirection from 'char *'
C:\Users\mlguilb\Documents\Capemon_dev\FORK\capemon\CAPE\w64wow64\w64wow64.c(358,2): warning C4047: 'return': 'DWORD64' differs in levels of indirection from 'void *'
C:\Users\mlguilb\Documents\Capemon_dev\FORK\capemon\CAPE\w64wow64\w64wow64.c(369,21): warning C4047: 'function': 'DWORD64' differs in levels of indirection from 'void *'
C:\Users\mlguilb\Documents\Capemon_dev\FORK\capemon\CAPE\w64wow64\w64wow64.c(369,21): warning C4024: 'X64Call': different types for formal and actual parameter 1
C:\Users\mlguilb\Documents\Capemon_dev\FORK\capemon\CAPE\w64wow64\w64wow64.c(377,21): warning C4047: 'function': 'DWORD64' differs in levels of indirection from 'void *'
C:\Users\mlguilb\Documents\Capemon_dev\FORK\capemon\CAPE\w64wow64\w64wow64.c(377,21): warning C4024: 'X64Call': different types for formal and actual parameter 1
C:\Users\mlguilb\Documents\Capemon_dev\FORK\capemon\CAPE\w64wow64\w64wow64.c(392,21): warning C4047: 'function': 'DWORD64' differs in levels of indirection from 'void *'
C:\Users\mlguilb\Documents\Capemon_dev\FORK\capemon\CAPE\w64wow64\w64wow64.c(392,21): warning C4024: 'X64Call': different types for formal and actual parameter 1
C:\Users\mlguilb\Documents\Capemon_dev\FORK\capemon\CAPE\w64wow64\w64wow64.c(398,21): warning C4047: 'function': 'DWORD64' differs in levels of indirection from 'void *'
C:\Users\mlguilb\Documents\Capemon_dev\FORK\capemon\CAPE\w64wow64\w64wow64.c(398,21): warning C4024: 'X64Call': different types for formal and actual parameter 1
C:\Users\mlguilb\Documents\Capemon_dev\FORK\capemon\CAPE\w64wow64\w64wow64.c(406,27): warning C4047: '=': 'void *' differs in levels of indirection from 'DWORD64'
C:\Users\mlguilb\Documents\Capemon_dev\FORK\capemon\CAPE\w64wow64\w64wow64.c(409,37): warning C4047: 'function': 'DWORD64' differs in levels of indirection from 'void *'
C:\Users\mlguilb\Documents\Capemon_dev\FORK\capemon\CAPE\w64wow64\w64wow64.c(409,37): warning C4024: 'X64Call': different types for formal and actual parameter 1
C:\Users\mlguilb\Documents\Capemon_dev\FORK\capemon\CAPE\w64wow64\w64wow64.c(421,41): warning C4047: '=': 'void *' differs in levels of indirection from 'DWORD64'
C:\Users\mlguilb\Documents\Capemon_dev\FORK\capemon\CAPE\w64wow64\w64wow64.c(423,33): warning C4047: '=': 'void *' differs in levels of indirection from 'DWORD64'
C:\Users\mlguilb\Documents\Capemon_dev\FORK\capemon\CAPE\w64wow64\w64wow64.c(425,32): warning C4047: '=': 'void *' differs in levels of indirection from 'DWORD64'
C:\Users\mlguilb\Documents\Capemon_dev\FORK\capemon\CAPE\w64wow64\w64wow64.c(427,34): warning C4047: '=': 'void *' differs in levels of indirection from 'DWORD64'
C:\Users\mlguilb\Documents\Capemon_dev\FORK\capemon\CAPE\w64wow64\w64wow64.c(440,31): warning C4047: '!=': 'unsigned __int64' differs in levels of indirection from 'void *'
C:\Users\mlguilb\Documents\Capemon_dev\FORK\capemon\CAPE\w64wow64\w64wow64.c(446,59): warning C4047: 'function': 'DWORD64' differs in levels of indirection from 'char *'
C:\Users\mlguilb\Documents\Capemon_dev\FORK\capemon\CAPE\w64wow64\w64wow64.c(446,59): warning C4024: 'GetModule64EntryRVA': different types for formal and actual parameter 1
C:\Users\mlguilb\Documents\Capemon_dev\FORK\capemon\CAPE\w64wow64\w64wow64.c(446,31): warning C4047: 'function': 'DWORD64' differs in levels of indirection from 'char *'
C:\Users\mlguilb\Documents\Capemon_dev\FORK\capemon\CAPE\w64wow64\w64wow64.c(446,31): warning C4024: 'X64Call': different types for formal and actual parameter 1
C:\Users\mlguilb\Documents\Capemon_dev\FORK\capemon\CAPE\w64wow64\w64wow64.c(452,57): warning C4047: 'function': 'DWORD64' differs in levels of indirection from 'char *'
C:\Users\mlguilb\Documents\Capemon_dev\FORK\capemon\CAPE\w64wow64\w64wow64.c(452,57): warning C4024: 'GetModule64EntryRVA': different types for formal and actual parameter 1
C:\Users\mlguilb\Documents\Capemon_dev\FORK\capemon\CAPE\w64wow64\w64wow64.c(452,29): warning C4047: 'function': 'DWORD64' differs in levels of indirection from 'char *'
C:\Users\mlguilb\Documents\Capemon_dev\FORK\capemon\CAPE\w64wow64\w64wow64.c(452,29): warning C4024: 'X64Call': different types for formal and actual parameter 1
  YaraHarness.c
  config.c
  capemon.c
  decoder.c
  distorm.c
  instructions.c
  insts.c
  mnemonics.c
  operands.c
  prefix.c
  Generating Code...
  Compiling...
  textdefs.c
  wstring.c
  hooking.c
  hooking_32.c
  hooking_64.c
  hooks.c
  hook_clr.c
  hook_crypto.c
  hook_file.c
  hook_lang.c
  hook_misc.c
  hook_network.c
  hook_process.c
  hook_reg.c
  hook_reg_native.c
  hook_services.c
  hook_sleep.c
  hook_socket.c
  hook_special.c
  hook_sync.c
  Generating Code...
  Compiling...
  hook_thread.c
  hook_tls.c
  hook_vbscript.c
  hook_window.c
  hook_wmi.c
  ignore.c
  log.c
  lookup.c
  misc.c
  pipe.c
  unhook.c
  utf8.c
  Generating Code...
  AmsiDumper.cpp
C:\Users\mlguilb\Documents\Capemon_dev\FORK\capemon\CAPE\AmsiDumper.cpp(93,36): warning C4244: 'argument': conversion from 'T' to 'size_t', possible loss of data
C:\Users\mlguilb\Documents\Capemon_dev\FORK\capemon\CAPE\AmsiDumper.cpp(93,36): warning C4244:         with
C:\Users\mlguilb\Documents\Capemon_dev\FORK\capemon\CAPE\AmsiDumper.cpp(93,36): warning C4244:         [
C:\Users\mlguilb\Documents\Capemon_dev\FORK\capemon\CAPE\AmsiDumper.cpp(93,36): warning C4244:             T=ULONGLONG
C:\Users\mlguilb\Documents\Capemon_dev\FORK\capemon\CAPE\AmsiDumper.cpp(93,36): warning C4244:         ]
C:\Users\mlguilb\Documents\Capemon_dev\FORK\capemon\CAPE\AmsiDumper.cpp(118,30): warning C4244: 'argument': conversion from 'T' to 'SIZE_T', possible loss of data
C:\Users\mlguilb\Documents\Capemon_dev\FORK\capemon\CAPE\AmsiDumper.cpp(118,30): warning C4244:         with
C:\Users\mlguilb\Documents\Capemon_dev\FORK\capemon\CAPE\AmsiDumper.cpp(118,30): warning C4244:         [
C:\Users\mlguilb\Documents\Capemon_dev\FORK\capemon\CAPE\AmsiDumper.cpp(118,30): warning C4244:             T=ULONGLONG
C:\Users\mlguilb\Documents\Capemon_dev\FORK\capemon\CAPE\AmsiDumper.cpp(118,30): warning C4244:         ]
  ScyllaHarness.cpp
  ApiReader.cpp
  DeviceNameResolver.cpp
  IATReferenceScan.cpp
  IATSearch.cpp
  ImportRebuilder.cpp
  ImportsHandling.cpp
  NativeWinApi.cpp
  PeParser.cpp
  ProcessAccessHelp.cpp
  StringConversion.cpp
  SystemInformation.cpp
  Generating Code...
LINK : warning LNK4075: ignoring '/INCREMENTAL' due to '/RELEASE' specification
  libyara32.lib(compiler.obj) : MSIL .netmodule or module compiled with /GL found; restarting link with /LTCG; add /LTCG to the link command line to improve linker performance
LINK : warning LNK4075: ignoring '/INCREMENTAL' due to '/LTCG' specification
LINK : warning LNK4098: defaultlib 'LIBCMT' conflicts with use of other libs; use /NODEFAULTLIB:library
  Generating code
  Finished generating code
libyara32.lib(compiler.obj) : warning LNK4099: PDB 'libyara.pdb' was not found with 'libyara32.lib(compiler.obj)' or at 'C:\Users\mlguilb\Documents\Capemon_dev\FORK\capemon\Debug\libyara.pdb'; linking object as if no debug info
libyara32.lib(libyara.obj) : warning LNK4099: PDB '' was not found with 'libyara32.lib(libyara.obj)' or at ''; linking object as if no debug info
libyara32.lib(rules.obj) : warning LNK4099: PDB 'libyara.pdb' was not found with 'libyara32.lib(rules.obj)' or at 'C:\Users\mlguilb\Documents\Capemon_dev\FORK\capemon\Debug\libyara.pdb'; linking object as if no debug info
libyara32.lib(arena.obj) : warning LNK4099: PDB '' was not found with 'libyara32.lib(arena.obj)' or at ''; linking object as if no debug info
libyara32.lib(atoms.obj) : warning LNK4099: PDB '' was not found with 'libyara32.lib(atoms.obj)' or at ''; linking object as if no debug info
libyara32.lib(object.obj) : warning LNK4099: PDB 'libyara.pdb' was not found with 'libyara32.lib(object.obj)' or at 'C:\Users\mlguilb\Documents\Capemon_dev\FORK\capemon\Debug\libyara.pdb'; linking object as if no debug info
libyara32.lib(hash.obj) : warning LNK4099: PDB '' was not found with 'libyara32.lib(hash.obj)' or at ''; linking object as if no debug info
libyara32.lib(ahocorasick.obj) : warning LNK4099: PDB '' was not found with 'libyara32.lib(ahocorasick.obj)' or at ''; linking object as if no debug info
libyara32.lib(lexer.obj) : warning LNK4099: PDB 'libyara.pdb' was not found with 'libyara32.lib(lexer.obj)' or at 'C:\Users\mlguilb\Documents\Capemon_dev\FORK\capemon\Debug\libyara.pdb'; linking object as if no debug info
libyara32.lib(mem.obj) : warning LNK4099: PDB '' was not found with 'libyara32.lib(mem.obj)' or at ''; linking object as if no debug info
libyara32.lib(modules.obj) : warning LNK4099: PDB '' was not found with 'libyara32.lib(modules.obj)' or at ''; linking object as if no debug info
libyara32.lib(threading.obj) : warning LNK4099: PDB 'libyara.pdb' was not found with 'libyara32.lib(threading.obj)' or at 'C:\Users\mlguilb\Documents\Capemon_dev\FORK\capemon\Debug\libyara.pdb'; linking object as if no debug info
libyara32.lib(scanner.obj) : warning LNK4099: PDB '' was not found with 'libyara32.lib(scanner.obj)' or at ''; linking object as if no debug info
libyara32.lib(filemap.obj) : warning LNK4099: PDB '' was not found with 'libyara32.lib(filemap.obj)' or at ''; linking object as if no debug info
libyara32.lib(proc.obj) : warning LNK4099: PDB 'libyara.pdb' was not found with 'libyara32.lib(proc.obj)' or at 'C:\Users\mlguilb\Documents\Capemon_dev\FORK\capemon\Debug\libyara.pdb'; linking object as if no debug info
libyara32.lib(stream.obj) : warning LNK4099: PDB '' was not found with 'libyara32.lib(stream.obj)' or at ''; linking object as if no debug info
libyara32.lib(stack.obj) : warning LNK4099: PDB '' was not found with 'libyara32.lib(stack.obj)' or at ''; linking object as if no debug info
libyara32.lib(sizedstr.obj) : warning LNK4099: PDB 'libyara.pdb' was not found with 'libyara32.lib(sizedstr.obj)' or at 'C:\Users\mlguilb\Documents\Capemon_dev\FORK\capemon\Debug\libyara.pdb'; linking object as if no debug info
libyara32.lib(bitmask.obj) : warning LNK4099: PDB '' was not found with 'libyara32.lib(bitmask.obj)' or at ''; linking object as if no debug info
libyara32.lib(strutils.obj) : warning LNK4099: PDB '' was not found with 'libyara32.lib(strutils.obj)' or at ''; linking object as if no debug info
libyara32.lib(grammar.obj) : warning LNK4099: PDB 'libyara.pdb' was not found with 'libyara32.lib(grammar.obj)' or at 'C:\Users\mlguilb\Documents\Capemon_dev\FORK\capemon\Debug\libyara.pdb'; linking object as if no debug info
libyara32.lib(pe.obj) : warning LNK4099: PDB 'libyara.pdb' was not found with 'libyara32.lib(pe.obj)' or at 'C:\Users\mlguilb\Documents\Capemon_dev\FORK\capemon\Debug\libyara.pdb'; linking object as if no debug info
libyara32.lib(math.obj) : warning LNK4099: PDB '' was not found with 'libyara32.lib(math.obj)' or at ''; linking object as if no debug info
libyara32.lib(tests.obj) : warning LNK4099: PDB 'libyara.pdb' was not found with 'libyara32.lib(tests.obj)' or at 'C:\Users\mlguilb\Documents\Capemon_dev\FORK\capemon\Debug\libyara.pdb'; linking object as if no debug info
libyara32.lib(string.obj) : warning LNK4099: PDB '' was not found with 'libyara32.lib(string.obj)' or at ''; linking object as if no debug info
libyara32.lib(dotnet.obj) : warning LNK4099: PDB '' was not found with 'libyara32.lib(dotnet.obj)' or at ''; linking object as if no debug info
libyara32.lib(cuckoo.obj) : warning LNK4099: PDB 'libyara.pdb' was not found with 'libyara32.lib(cuckoo.obj)' or at 'C:\Users\mlguilb\Documents\Capemon_dev\FORK\capemon\Debug\libyara.pdb'; linking object as if no debug info
libyara32.lib(elf.obj) : warning LNK4099: PDB '' was not found with 'libyara32.lib(elf.obj)' or at ''; linking object as if no debug info
libyara32.lib(time.obj) : warning LNK4099: PDB 'libyara.pdb' was not found with 'libyara32.lib(time.obj)' or at 'C:\Users\mlguilb\Documents\Capemon_dev\FORK\capemon\Debug\libyara.pdb'; linking object as if no debug info
libyara32.lib(console.obj) : warning LNK4099: PDB 'libyara.pdb' was not found with 'libyara32.lib(console.obj)' or at 'C:\Users\mlguilb\Documents\Capemon_dev\FORK\capemon\Debug\libyara.pdb'; linking object as if no debug info
libyara32.lib(hash.obj) : warning LNK4099: PDB '' was not found with 'libyara32.lib(hash.obj)' or at ''; linking object as if no debug info
libyara32.lib(stopwatch.obj) : warning LNK4099: PDB 'libyara.pdb' was not found with 'libyara32.lib(stopwatch.obj)' or at 'C:\Users\mlguilb\Documents\Capemon_dev\FORK\capemon\Debug\libyara.pdb'; linking object as if no debug info
libyara32.lib(notebook.obj) : warning LNK4099: PDB 'libyara.pdb' was not found with 'libyara32.lib(notebook.obj)' or at 'C:\Users\mlguilb\Documents\Capemon_dev\FORK\capemon\Debug\libyara.pdb'; linking object as if no debug info
libyara32.lib(exec.obj) : warning LNK4099: PDB '' was not found with 'libyara32.lib(exec.obj)' or at ''; linking object as if no debug info
libyara32.lib(exefiles.obj) : warning LNK4099: PDB '' was not found with 'libyara32.lib(exefiles.obj)' or at ''; linking object as if no debug info
libyara32.lib(scan.obj) : warning LNK4099: PDB 'libyara.pdb' was not found with 'libyara32.lib(scan.obj)' or at 'C:\Users\mlguilb\Documents\Capemon_dev\FORK\capemon\Debug\libyara.pdb'; linking object as if no debug info
libyara32.lib(windows.obj) : warning LNK4099: PDB '' was not found with 'libyara32.lib(windows.obj)' or at ''; linking object as if no debug info
libyara32.lib(parser.obj) : warning LNK4099: PDB '' was not found with 'libyara32.lib(parser.obj)' or at ''; linking object as if no debug info
libyara32.lib(re.obj) : warning LNK4099: PDB 'libyara.pdb' was not found with 'libyara32.lib(re.obj)' or at 'C:\Users\mlguilb\Documents\Capemon_dev\FORK\capemon\Debug\libyara.pdb'; linking object as if no debug info
libyara32.lib(authenticode.obj) : warning LNK4099: PDB '' was not found with 'libyara32.lib(authenticode.obj)' or at ''; linking object as if no debug info
libyara32.lib(pe_utils.obj) : warning LNK4099: PDB '' was not found with 'libyara32.lib(pe_utils.obj)' or at ''; linking object as if no debug info
libyara32.lib(simple_str.obj) : warning LNK4099: PDB 'libyara.pdb' was not found with 'libyara32.lib(simple_str.obj)' or at 'C:\Users\mlguilb\Documents\Capemon_dev\FORK\capemon\Debug\libyara.pdb'; linking object as if no debug info
libyara32.lib(tlsh.obj) : warning LNK4099: PDB '' was not found with 'libyara32.lib(tlsh.obj)' or at ''; linking object as if no debug info
libyara32.lib(base64.obj) : warning LNK4099: PDB 'libyara.pdb' was not found with 'libyara32.lib(base64.obj)' or at 'C:\Users\mlguilb\Documents\Capemon_dev\FORK\capemon\Debug\libyara.pdb'; linking object as if no debug info
libyara32.lib(re_lexer.obj) : warning LNK4099: PDB 'libyara.pdb' was not found with 'libyara32.lib(re_lexer.obj)' or at 'C:\Users\mlguilb\Documents\Capemon_dev\FORK\capemon\Debug\libyara.pdb'; linking object as if no debug info
libyara32.lib(hex_lexer.obj) : warning LNK4099: PDB '' was not found with 'libyara32.lib(hex_lexer.obj)' or at ''; linking object as if no debug info
libyara32.lib(countersignature.obj) : warning LNK4099: PDB '' was not found with 'libyara32.lib(countersignature.obj)' or at ''; linking object as if no debug info
libyara32.lib(certificate.obj) : warning LNK4099: PDB 'libyara.pdb' was not found with 'libyara32.lib(certificate.obj)' or at 'C:\Users\mlguilb\Documents\Capemon_dev\FORK\capemon\Debug\libyara.pdb'; linking object as if no debug info
libyara32.lib(structs.obj) : warning LNK4099: PDB '' was not found with 'libyara32.lib(structs.obj)' or at ''; linking object as if no debug info
libyara32.lib(helper.obj) : warning LNK4099: PDB '' was not found with 'libyara32.lib(helper.obj)' or at ''; linking object as if no debug info
libyara32.lib(tlsh_impl.obj) : warning LNK4099: PDB 'libyara.pdb' was not found with 'libyara32.lib(tlsh_impl.obj)' or at 'C:\Users\mlguilb\Documents\Capemon_dev\FORK\capemon\Debug\libyara.pdb'; linking object as if no debug info
libyara32.lib(re_grammar.obj) : warning LNK4099: PDB '' was not found with 'libyara32.lib(re_grammar.obj)' or at ''; linking object as if no debug info
libyara32.lib(hex_grammar.obj) : warning LNK4099: PDB '' was not found with 'libyara32.lib(hex_grammar.obj)' or at ''; linking object as if no debug info
libyara32.lib(tlsh_util.obj) : warning LNK4099: PDB 'libyara.pdb' was not found with 'libyara32.lib(tlsh_util.obj)' or at 'C:\Users\mlguilb\Documents\Capemon_dev\FORK\capemon\Debug\libyara.pdb'; linking object as if no debug info
libyara32.lib(e_padlock.obj) : warning LNK4099: PDB '' was not found with 'libyara32.lib(e_padlock.obj)' or at ''; linking object as if no debug info
libyara32.lib(e_capi.obj) : warning LNK4099: PDB 'ossl_static.pdb' was not found with 'libyara32.lib(e_capi.obj)' or at 'C:\Users\mlguilb\Documents\Capemon_dev\FORK\capemon\Debug\ossl_static.pdb'; linking object as if no debug info
libyara32.lib(v3err.obj) : warning LNK4099: PDB 'ossl_static.pdb' was not found with 'libyara32.lib(v3err.obj)' or at 'C:\Users\mlguilb\Documents\Capemon_dev\FORK\capemon\Debug\ossl_static.pdb'; linking object as if no debug info
libyara32.lib(v3_utl.obj) : warning LNK4099: PDB 'ossl_static.pdb' was not found with 'libyara32.lib(v3_utl.obj)' or at 'C:\Users\mlguilb\Documents\Capemon_dev\FORK\capemon\Debug\ossl_static.pdb'; linking object as if no debug info
libyara32.lib(v3_tlsf.obj) : warning LNK4099: PDB 'ossl_static.pdb' was not found with 'libyara32.lib(v3_tlsf.obj)' or at 'C:\Users\mlguilb\Documents\Capemon_dev\FORK\capemon\Debug\ossl_static.pdb'; linking object as if no debug info
libyara32.lib(v3_sxnet.obj) : warning LNK4099: PDB 'ossl_static.pdb' was not found with 'libyara32.lib(v3_sxnet.obj)' or at 'C:\Users\mlguilb\Documents\Capemon_dev\FORK\capemon\Debug\ossl_static.pdb'; linking object as if no debug info
libyara32.lib(v3_skey.obj) : warning LNK4099: PDB 'ossl_static.pdb' was not found with 'libyara32.lib(v3_skey.obj)' or at 'C:\Users\mlguilb\Documents\Capemon_dev\FORK\capemon\Debug\ossl_static.pdb'; linking object as if no debug info
libyara32.lib(v3_purp.obj) : warning LNK4099: PDB 'ossl_static.pdb' was not found with 'libyara32.lib(v3_purp.obj)' or at 'C:\Users\mlguilb\Documents\Capemon_dev\FORK\capemon\Debug\ossl_static.pdb'; linking object as if no debug info
libyara32.lib(v3_prn.obj) : warning LNK4099: PDB 'ossl_static.pdb' was not found with 'libyara32.lib(v3_prn.obj)' or at 'C:\Users\mlguilb\Documents\Capemon_dev\FORK\capemon\Debug\ossl_static.pdb'; linking object as if no debug info
libyara32.lib(v3_pmaps.obj) : warning LNK4099: PDB 'ossl_static.pdb' was not found with 'libyara32.lib(v3_pmaps.obj)' or at 'C:\Users\mlguilb\Documents\Capemon_dev\FORK\capemon\Debug\ossl_static.pdb'; linking object as if no debug info
libyara32.lib(v3_pku.obj) : warning LNK4099: PDB 'ossl_static.pdb' was not found with 'libyara32.lib(v3_pku.obj)' or at 'C:\Users\mlguilb\Documents\Capemon_dev\FORK\capemon\Debug\ossl_static.pdb'; linking object as if no debug info
libyara32.lib(v3_pcons.obj) : warning LNK4099: PDB 'ossl_static.pdb' was not found with 'libyara32.lib(v3_pcons.obj)' or at 'C:\Users\mlguilb\Documents\Capemon_dev\FORK\capemon\Debug\ossl_static.pdb'; linking object as if no debug info
libyara32.lib(v3_pcia.obj) : warning LNK4099: PDB 'ossl_static.pdb' was not found with 'libyara32.lib(v3_pcia.obj)' or at 'C:\Users\mlguilb\Documents\Capemon_dev\FORK\capemon\Debug\ossl_static.pdb'; linking object as if no debug info
libyara32.lib(v3_pci.obj) : warning LNK4099: PDB '' was not found with 'libyara32.lib(v3_pci.obj)' or at ''; linking object as if no debug info
libyara32.lib(v3_ncons.obj) : warning LNK4099: PDB 'ossl_static.pdb' was not found with 'libyara32.lib(v3_ncons.obj)' or at 'C:\Users\mlguilb\Documents\Capemon_dev\FORK\capemon\Debug\ossl_static.pdb'; linking object as if no debug info
libyara32.lib(v3_lib.obj) : warning LNK4099: PDB 'ossl_static.pdb' was not found with 'libyara32.lib(v3_lib.obj)' or at 'C:\Users\mlguilb\Documents\Capemon_dev\FORK\capemon\Debug\ossl_static.pdb'; linking object as if no debug info
libyara32.lib(v3_int.obj) : warning LNK4099: PDB 'ossl_static.pdb' was not found with 'libyara32.lib(v3_int.obj)' or at 'C:\Users\mlguilb\Documents\Capemon_dev\FORK\capemon\Debug\ossl_static.pdb'; linking object as if no debug info
libyara32.lib(v3_info.obj) : warning LNK4099: PDB 'ossl_static.pdb' was not found with 'libyara32.lib(v3_info.obj)' or at 'C:\Users\mlguilb\Documents\Capemon_dev\FORK\capemon\Debug\ossl_static.pdb'; linking object as if no debug info
libyara32.lib(v3_ia5.obj) : warning LNK4099: PDB 'ossl_static.pdb' was not found with 'libyara32.lib(v3_ia5.obj)' or at 'C:\Users\mlguilb\Documents\Capemon_dev\FORK\capemon\Debug\ossl_static.pdb'; linking object as if no debug info
libyara32.lib(v3_genn.obj) : warning LNK4099: PDB 'ossl_static.pdb' was not found with 'libyara32.lib(v3_genn.obj)' or at 'C:\Users\mlguilb\Documents\Capemon_dev\FORK\capemon\Debug\ossl_static.pdb'; linking object as if no debug info
libyara32.lib(v3_extku.obj) : warning LNK4099: PDB 'ossl_static.pdb' was not found with 'libyara32.lib(v3_extku.obj)' or at 'C:\Users\mlguilb\Documents\Capemon_dev\FORK\capemon\Debug\ossl_static.pdb'; linking object as if no debug info
libyara32.lib(v3_enum.obj) : warning LNK4099: PDB 'ossl_static.pdb' was not found with 'libyara32.lib(v3_enum.obj)' or at 'C:\Users\mlguilb\Documents\Capemon_dev\FORK\capemon\Debug\ossl_static.pdb'; linking object as if no debug info
libyara32.lib(v3_crld.obj) : warning LNK4099: PDB 'ossl_static.pdb' was not found with 'libyara32.lib(v3_crld.obj)' or at 'C:\Users\mlguilb\Documents\Capemon_dev\FORK\capemon\Debug\ossl_static.pdb'; linking object as if no debug info
libyara32.lib(v3_cpols.obj) : warning LNK4099: PDB 'ossl_static.pdb' was not found with 'libyara32.lib(v3_cpols.obj)' or at 'C:\Users\mlguilb\Documents\Capemon_dev\FORK\capemon\Debug\ossl_static.pdb'; linking object as if no debug info
libyara32.lib(v3_conf.obj) : warning LNK4099: PDB 'ossl_static.pdb' was not found with 'libyara32.lib(v3_conf.obj)' or at 'C:\Users\mlguilb\Documents\Capemon_dev\FORK\capemon\Debug\ossl_static.pdb'; linking object as if no debug info
libyara32.lib(v3_bitst.obj) : warning LNK4099: PDB 'ossl_static.pdb' was not found with 'libyara32.lib(v3_bitst.obj)' or at 'C:\Users\mlguilb\Documents\Capemon_dev\FORK\capemon\Debug\ossl_static.pdb'; linking object as if no debug info
libyara32.lib(v3_bcons.obj) : warning LNK4099: PDB 'ossl_static.pdb' was not found with 'libyara32.lib(v3_bcons.obj)' or at 'C:\Users\mlguilb\Documents\Capemon_dev\FORK\capemon\Debug\ossl_static.pdb'; linking object as if no debug info
libyara32.lib(v3_asid.obj) : warning LNK4099: PDB 'ossl_static.pdb' was not found with 'libyara32.lib(v3_asid.obj)' or at 'C:\Users\mlguilb\Documents\Capemon_dev\FORK\capemon\Debug\ossl_static.pdb'; linking object as if no debug info
libyara32.lib(v3_alt.obj) : warning LNK4099: PDB 'ossl_static.pdb' was not found with 'libyara32.lib(v3_alt.obj)' or at 'C:\Users\mlguilb\Documents\Capemon_dev\FORK\capemon\Debug\ossl_static.pdb'; linking object as if no debug info
libyara32.lib(v3_akeya.obj) : warning LNK4099: PDB 'ossl_static.pdb' was not found with 'libyara32.lib(v3_akeya.obj)' or at 'C:\Users\mlguilb\Documents\Capemon_dev\FORK\capemon\Debug\ossl_static.pdb'; linking object as if no debug info
libyara32.lib(v3_akey.obj) : warning LNK4099: PDB 'ossl_static.pdb' was not found with 'libyara32.lib(v3_akey.obj)' or at 'C:\Users\mlguilb\Documents\Capemon_dev\FORK\capemon\Debug\ossl_static.pdb'; linking object as if no debug info
libyara32.lib(v3_admis.obj) : warning LNK4099: PDB 'ossl_static.pdb' was not found with 'libyara32.lib(v3_admis.obj)' or at 'C:\Users\mlguilb\Documents\Capemon_dev\FORK\capemon\Debug\ossl_static.pdb'; linking object as if no debug info
libyara32.lib(v3_addr.obj) : warning LNK4099: PDB 'ossl_static.pdb' was not found with 'libyara32.lib(v3_addr.obj)' or at 'C:\Users\mlguilb\Documents\Capemon_dev\FORK\capemon\Debug\ossl_static.pdb'; linking object as if no debug info
libyara32.lib(pcy_tree.obj) : warning LNK4099: PDB 'ossl_static.pdb' was not found with 'libyara32.lib(pcy_tree.obj)' or at 'C:\Users\mlguilb\Documents\Capemon_dev\FORK\capemon\Debug\ossl_static.pdb'; linking object as if no debug info
libyara32.lib(pcy_node.obj) : warning LNK4099: PDB 'ossl_static.pdb' was not found with 'libyara32.lib(pcy_node.obj)' or at 'C:\Users\mlguilb\Documents\Capemon_dev\FORK\capemon\Debug\ossl_static.pdb'; linking object as if no debug info
libyara32.lib(pcy_map.obj) : warning LNK4099: PDB 'ossl_static.pdb' was not found with 'libyara32.lib(pcy_map.obj)' or at 'C:\Users\mlguilb\Documents\Capemon_dev\FORK\capemon\Debug\ossl_static.pdb'; linking object as if no debug info
libyara32.lib(pcy_lib.obj) : warning LNK4099: PDB 'ossl_static.pdb' was not found with 'libyara32.lib(pcy_lib.obj)' or at 'C:\Users\mlguilb\Documents\Capemon_dev\FORK\capemon\Debug\ossl_static.pdb'; linking object as if no debug info
libyara32.lib(pcy_data.obj) : warning LNK4099: PDB 'ossl_static.pdb' was not found with 'libyara32.lib(pcy_data.obj)' or at 'C:\Users\mlguilb\Documents\Capemon_dev\FORK\capemon\Debug\ossl_static.pdb'; linking object as if no debug info
libyara32.lib(pcy_cache.obj) : warning LNK4099: PDB 'ossl_static.pdb' was not found with 'libyara32.lib(pcy_cache.obj)' or at 'C:\Users\mlguilb\Documents\Capemon_dev\FORK\capemon\Debug\ossl_static.pdb'; linking object as if no debug info
libyara32.lib(x_x509a.obj) : warning LNK4099: PDB 'ossl_static.pdb' was not found with 'libyara32.lib(x_x509a.obj)' or at 'C:\Users\mlguilb\Documents\Capemon_dev\FORK\capemon\Debug\ossl_static.pdb'; linking object as if no debug info
libyara32.lib(x_x509.obj) : warning LNK4099: PDB 'ossl_static.pdb' was not found with 'libyara32.lib(x_x509.obj)' or at 'C:\Users\mlguilb\Documents\Capemon_dev\FORK\capemon\Debug\ossl_static.pdb'; linking object as if no debug info
libyara32.lib(x_req.obj) : warning LNK4099: PDB 'ossl_static.pdb' was not found with 'libyara32.lib(x_req.obj)' or at 'C:\Users\mlguilb\Documents\Capemon_dev\FORK\capemon\Debug\ossl_static.pdb'; linking object as if no debug info
libyara32.lib(x_pubkey.obj) : warning LNK4099: PDB 'ossl_static.pdb' was not found with 'libyara32.lib(x_pubkey.obj)' or at 'C:\Users\mlguilb\Documents\Capemon_dev\FORK\capemon\Debug\ossl_static.pdb'; linking object as if no debug info
libyara32.lib(x_name.obj) : warning LNK4099: PDB 'ossl_static.pdb' was not found with 'libyara32.lib(x_name.obj)' or at 'C:\Users\mlguilb\Documents\Capemon_dev\FORK\capemon\Debug\ossl_static.pdb'; linking object as if no debug info
libyara32.lib(x_exten.obj) : warning LNK4099: PDB 'ossl_static.pdb' was not found with 'libyara32.lib(x_exten.obj)' or at 'C:\Users\mlguilb\Documents\Capemon_dev\FORK\capemon\Debug\ossl_static.pdb'; linking object as if no debug info
libyara32.lib(x_crl.obj) : warning LNK4099: PDB 'ossl_static.pdb' was not found with 'libyara32.lib(x_crl.obj)' or at 'C:\Users\mlguilb\Documents\Capemon_dev\FORK\capemon\Debug\ossl_static.pdb'; linking object as if no debug info
libyara32.lib(x_attrib.obj) : warning LNK4099: PDB 'ossl_static.pdb' was not found with 'libyara32.lib(x_attrib.obj)' or at 'C:\Users\mlguilb\Documents\Capemon_dev\FORK\capemon\Debug\ossl_static.pdb'; linking object as if no debug info
libyara32.lib(x_all.obj) : warning LNK4099: PDB 'ossl_static.pdb' was not found with 'libyara32.lib(x_all.obj)' or at 'C:\Users\mlguilb\Documents\Capemon_dev\FORK\capemon\Debug\ossl_static.pdb'; linking object as if no debug info
libyara32.lib(x509rset.obj) : warning LNK4099: PDB 'ossl_static.pdb' was not found with 'libyara32.lib(x509rset.obj)' or at 'C:\Users\mlguilb\Documents\Capemon_dev\FORK\capemon\Debug\ossl_static.pdb'; linking object as if no debug info
libyara32.lib(x509name.obj) : warning LNK4099: PDB 'ossl_static.pdb' was not found with 'libyara32.lib(x509name.obj)' or at 'C:\Users\mlguilb\Documents\Capemon_dev\FORK\capemon\Debug\ossl_static.pdb'; linking object as if no debug info
libyara32.lib(x509cset.obj) : warning LNK4099: PDB 'ossl_static.pdb' was not found with 'libyara32.lib(x509cset.obj)' or at 'C:\Users\mlguilb\Documents\Capemon_dev\FORK\capemon\Debug\ossl_static.pdb'; linking object as if no debug info
libyara32.lib(x509_vpm.obj) : warning LNK4099: PDB 'ossl_static.pdb' was not found with 'libyara32.lib(x509_vpm.obj)' or at 'C:\Users\mlguilb\Documents\Capemon_dev\FORK\capemon\Debug\ossl_static.pdb'; linking object as if no debug info
libyara32.lib(x509_vfy.obj) : warning LNK4099: PDB 'ossl_static.pdb' was not found with 'libyara32.lib(x509_vfy.obj)' or at 'C:\Users\mlguilb\Documents\Capemon_dev\FORK\capemon\Debug\ossl_static.pdb'; linking object as if no debug info
libyara32.lib(x509_v3.obj) : warning LNK4099: PDB 'ossl_static.pdb' was not found with 'libyara32.lib(x509_v3.obj)' or at 'C:\Users\mlguilb\Documents\Capemon_dev\FORK\capemon\Debug\ossl_static.pdb'; linking object as if no debug info
libyara32.lib(x509_txt.obj) : warning LNK4099: PDB 'ossl_static.pdb' was not found with 'libyara32.lib(x509_txt.obj)' or at 'C:\Users\mlguilb\Documents\Capemon_dev\FORK\capemon\Debug\ossl_static.pdb'; linking object as if no debug info
libyara32.lib(x509_trs.obj) : warning LNK4099: PDB 'ossl_static.pdb' was not found with 'libyara32.lib(x509_trs.obj)' or at 'C:\Users\mlguilb\Documents\Capemon_dev\FORK\capemon\Debug\ossl_static.pdb'; linking object as if no debug info
libyara32.lib(x509_set.obj) : warning LNK4099: PDB 'ossl_static.pdb' was not found with 'libyara32.lib(x509_set.obj)' or at 'C:\Users\mlguilb\Documents\Capemon_dev\FORK\capemon\Debug\ossl_static.pdb'; linking object as if no debug info
libyara32.lib(x509_req.obj) : warning LNK4099: PDB 'ossl_static.pdb' was not found with 'libyara32.lib(x509_req.obj)' or at 'C:\Users\mlguilb\Documents\Capemon_dev\FORK\capemon\Debug\ossl_static.pdb'; linking object as if no debug info
libyara32.lib(x509_obj.obj) : warning LNK4099: PDB 'ossl_static.pdb' was not found with 'libyara32.lib(x509_obj.obj)' or at 'C:\Users\mlguilb\Documents\Capemon_dev\FORK\capemon\Debug\ossl_static.pdb'; linking object as if no debug info
libyara32.lib(x509_lu.obj) : warning LNK4099: PDB 'ossl_static.pdb' was not found with 'libyara32.lib(x509_lu.obj)' or at 'C:\Users\mlguilb\Documents\Capemon_dev\FORK\capemon\Debug\ossl_static.pdb'; linking object as if no debug info
libyara32.lib(x509_ext.obj) : warning LNK4099: PDB 'ossl_static.pdb' was not found with 'libyara32.lib(x509_ext.obj)' or at 'C:\Users\mlguilb\Documents\Capemon_dev\FORK\capemon\Debug\ossl_static.pdb'; linking object as if no debug info
libyara32.lib(x509_err.obj) : warning LNK4099: PDB 'ossl_static.pdb' was not found with 'libyara32.lib(x509_err.obj)' or at 'C:\Users\mlguilb\Documents\Capemon_dev\FORK\capemon\Debug\ossl_static.pdb'; linking object as if no debug info
libyara32.lib(x509_def.obj) : warning LNK4099: PDB 'ossl_static.pdb' was not found with 'libyara32.lib(x509_def.obj)' or at 'C:\Users\mlguilb\Documents\Capemon_dev\FORK\capemon\Debug\ossl_static.pdb'; linking object as if no debug info
libyara32.lib(x509_cmp.obj) : warning LNK4099: PDB 'ossl_static.pdb' was not found with 'libyara32.lib(x509_cmp.obj)' or at 'C:\Users\mlguilb\Documents\Capemon_dev\FORK\capemon\Debug\ossl_static.pdb'; linking object as if no debug info
libyara32.lib(x509_att.obj) : warning LNK4099: PDB 'ossl_static.pdb' was not found with 'libyara32.lib(x509_att.obj)' or at 'C:\Users\mlguilb\Documents\Capemon_dev\FORK\capemon\Debug\ossl_static.pdb'; linking object as if no debug info
libyara32.lib(t_x509.obj) : warning LNK4099: PDB '' was not found with 'libyara32.lib(t_x509.obj)' or at ''; linking object as if no debug info
libyara32.lib(wp_dgst.obj) : warning LNK4099: PDB '' was not found with 'libyara32.lib(wp_dgst.obj)' or at ''; linking object as if no debug info
libyara32.lib(wp_block.obj) : warning LNK4099: PDB '' was not found with 'libyara32.lib(wp_block.obj)' or at ''; linking object as if no debug info
libyara32.lib(uid.obj) : warning LNK4099: PDB '' was not found with 'libyara32.lib(uid.obj)' or at ''; linking object as if no debug info
libyara32.lib(ui_openssl.obj) : warning LNK4099: PDB '' was not found with 'libyara32.lib(ui_openssl.obj)' or at ''; linking object as if no debug info
libyara32.lib(ui_null.obj) : warning LNK4099: PDB '' was not found with 'libyara32.lib(ui_null.obj)' or at ''; linking object as if no debug info
libyara32.lib(ui_lib.obj) : warning LNK4099: PDB 'ossl_static.pdb' was not found with 'libyara32.lib(ui_lib.obj)' or at 'C:\Users\mlguilb\Documents\Capemon_dev\FORK\capemon\Debug\ossl_static.pdb'; linking object as if no debug info
libyara32.lib(ui_err.obj) : warning LNK4099: PDB '' was not found with 'libyara32.lib(ui_err.obj)' or at ''; linking object as if no debug info
libyara32.lib(ts_verify_ctx.obj) : warning LNK4099: PDB 'ossl_static.pdb' was not found with 'libyara32.lib(ts_verify_ctx.obj)' or at 'C:\Users\mlguilb\Documents\Capemon_dev\FORK\capemon\Debug\ossl_static.pdb'; linking object as if no debug info
libyara32.lib(ts_rsp_verify.obj) : warning LNK4099: PDB '' was not found with 'libyara32.lib(ts_rsp_verify.obj)' or at ''; linking object as if no debug info
libyara32.lib(ts_rsp_utils.obj) : warning LNK4099: PDB '' was not found with 'libyara32.lib(ts_rsp_utils.obj)' or at ''; linking object as if no debug info
libyara32.lib(ts_req_utils.obj) : warning LNK4099: PDB 'ossl_static.pdb' was not found with 'libyara32.lib(ts_req_utils.obj)' or at 'C:\Users\mlguilb\Documents\Capemon_dev\FORK\capemon\Debug\ossl_static.pdb'; linking object as if no debug info
libyara32.lib(ts_err.obj) : warning LNK4099: PDB 'ossl_static.pdb' was not found with 'libyara32.lib(ts_err.obj)' or at 'C:\Users\mlguilb\Documents\Capemon_dev\FORK\capemon\Debug\ossl_static.pdb'; linking object as if no debug info
libyara32.lib(ts_asn1.obj) : warning LNK4099: PDB 'ossl_static.pdb' was not found with 'libyara32.lib(ts_asn1.obj)' or at 'C:\Users\mlguilb\Documents\Capemon_dev\FORK\capemon\Debug\ossl_static.pdb'; linking object as if no debug info
libyara32.lib(threads_win.obj) : warning LNK4099: PDB 'ossl_static.pdb' was not found with 'libyara32.lib(threads_win.obj)' or at 'C:\Users\mlguilb\Documents\Capemon_dev\FORK\capemon\Debug\ossl_static.pdb'; linking object as if no debug info
libyara32.lib(store_register.obj) : warning LNK4099: PDB 'ossl_static.pdb' was not found with 'libyara32.lib(store_register.obj)' or at 'C:\Users\mlguilb\Documents\Capemon_dev\FORK\capemon\Debug\ossl_static.pdb'; linking object as if no debug info
libyara32.lib(store_lib.obj) : warning LNK4099: PDB '' was not found with 'libyara32.lib(store_lib.obj)' or at ''; linking object as if no debug info
libyara32.lib(store_init.obj) : warning LNK4099: PDB 'ossl_static.pdb' was not found with 'libyara32.lib(store_init.obj)' or at 'C:\Users\mlguilb\Documents\Capemon_dev\FORK\capemon\Debug\ossl_static.pdb'; linking object as if no debug info
libyara32.lib(store_err.obj) : warning LNK4099: PDB 'ossl_static.pdb' was not found with 'libyara32.lib(store_err.obj)' or at 'C:\Users\mlguilb\Documents\Capemon_dev\FORK\capemon\Debug\ossl_static.pdb'; linking object as if no debug info
libyara32.lib(loader_file.obj) : warning LNK4099: PDB '' was not found with 'libyara32.lib(loader_file.obj)' or at ''; linking object as if no debug info
libyara32.lib(stack.obj) : warning LNK4099: PDB 'ossl_static.pdb' was not found with 'libyara32.lib(stack.obj)' or at 'C:\Users\mlguilb\Documents\Capemon_dev\FORK\capemon\Debug\ossl_static.pdb'; linking object as if no debug info
libyara32.lib(sm4.obj) : warning LNK4099: PDB 'ossl_static.pdb' was not found with 'libyara32.lib(sm4.obj)' or at 'C:\Users\mlguilb\Documents\Capemon_dev\FORK\capemon\Debug\ossl_static.pdb'; linking object as if no debug info
libyara32.lib(sm3.obj) : warning LNK4099: PDB 'ossl_static.pdb' was not found with 'libyara32.lib(sm3.obj)' or at 'C:\Users\mlguilb\Documents\Capemon_dev\FORK\capemon\Debug\ossl_static.pdb'; linking object as if no debug info
libyara32.lib(m_sm3.obj) : warning LNK4099: PDB 'ossl_static.pdb' was not found with 'libyara32.lib(m_sm3.obj)' or at 'C:\Users\mlguilb\Documents\Capemon_dev\FORK\capemon\Debug\ossl_static.pdb'; linking object as if no debug info
libyara32.lib(sm2_sign.obj) : warning LNK4099: PDB 'ossl_static.pdb' was not found with 'libyara32.lib(sm2_sign.obj)' or at 'C:\Users\mlguilb\Documents\Capemon_dev\FORK\capemon\Debug\ossl_static.pdb'; linking object as if no debug info
libyara32.lib(sm2_pmeth.obj) : warning LNK4099: PDB 'ossl_static.pdb' was not found with 'libyara32.lib(sm2_pmeth.obj)' or at 'C:\Users\mlguilb\Documents\Capemon_dev\FORK\capemon\Debug\ossl_static.pdb'; linking object as if no debug info
libyara32.lib(sm2_crypt.obj) : warning LNK4099: PDB 'ossl_static.pdb' was not found with 'libyara32.lib(sm2_crypt.obj)' or at 'C:\Users\mlguilb\Documents\Capemon_dev\FORK\capemon\Debug\ossl_static.pdb'; linking object as if no debug info
libyara32.lib(siphash_pmeth.obj) : warning LNK4099: PDB 'ossl_static.pdb' was not found with 'libyara32.lib(siphash_pmeth.obj)' or at 'C:\Users\mlguilb\Documents\Capemon_dev\FORK\capemon\Debug\ossl_static.pdb'; linking object as if no debug info
libyara32.lib(siphash_ameth.obj) : warning LNK4099: PDB 'ossl_static.pdb' was not found with 'libyara32.lib(siphash_ameth.obj)' or at 'C:\Users\mlguilb\Documents\Capemon_dev\FORK\capemon\Debug\ossl_static.pdb'; linking object as if no debug info
libyara32.lib(siphash.obj) : warning LNK4099: PDB 'ossl_static.pdb' was not found with 'libyara32.lib(siphash.obj)' or at 'C:\Users\mlguilb\Documents\Capemon_dev\FORK\capemon\Debug\ossl_static.pdb'; linking object as if no debug info
libyara32.lib(sha512.obj) : warning LNK4099: PDB 'ossl_static.pdb' was not found with 'libyara32.lib(sha512.obj)' or at 'C:\Users\mlguilb\Documents\Capemon_dev\FORK\capemon\Debug\ossl_static.pdb'; linking object as if no debug info
libyara32.lib(sha256.obj) : warning LNK4099: PDB '' was not found with 'libyara32.lib(sha256.obj)' or at ''; linking object as if no debug info
libyara32.lib(sha1dgst.obj) : warning LNK4099: PDB 'ossl_static.pdb' was not found with 'libyara32.lib(sha1dgst.obj)' or at 'C:\Users\mlguilb\Documents\Capemon_dev\FORK\capemon\Debug\ossl_static.pdb'; linking object as if no debug info
libyara32.lib(sha1_one.obj) : warning LNK4099: PDB 'ossl_static.pdb' was not found with 'libyara32.lib(sha1_one.obj)' or at 'C:\Users\mlguilb\Documents\Capemon_dev\FORK\capemon\Debug\ossl_static.pdb'; linking object as if no debug info
libyara32.lib(keccak1600.obj) : warning LNK4099: PDB 'ossl_static.pdb' was not found with 'libyara32.lib(keccak1600.obj)' or at 'C:\Users\mlguilb\Documents\Capemon_dev\FORK\capemon\Debug\ossl_static.pdb'; linking object as if no debug info
libyara32.lib(seed_ofb.obj) : warning LNK4099: PDB 'ossl_static.pdb' was not found with 'libyara32.lib(seed_ofb.obj)' or at 'C:\Users\mlguilb\Documents\Capemon_dev\FORK\capemon\Debug\ossl_static.pdb'; linking object as if no debug info
libyara32.lib(seed_ecb.obj) : warning LNK4099: PDB 'ossl_static.pdb' was not found with 'libyara32.lib(seed_ecb.obj)' or at 'C:\Users\mlguilb\Documents\Capemon_dev\FORK\capemon\Debug\ossl_static.pdb'; linking object as if no debug info
libyara32.lib(seed_cfb.obj) : warning LNK4099: PDB '' was not found with 'libyara32.lib(seed_cfb.obj)' or at ''; linking object as if no debug info
libyara32.lib(seed_cbc.obj) : warning LNK4099: PDB '' was not found with 'libyara32.lib(seed_cbc.obj)' or at ''; linking object as if no debug info
libyara32.lib(seed.obj) : warning LNK4099: PDB 'ossl_static.pdb' was not found with 'libyara32.lib(seed.obj)' or at 'C:\Users\mlguilb\Documents\Capemon_dev\FORK\capemon\Debug\ossl_static.pdb'; linking object as if no debug info
libyara32.lib(rsa_x931.obj) : warning LNK4099: PDB '' was not found with 'libyara32.lib(rsa_x931.obj)' or at ''; linking object as if no debug info
libyara32.lib(rsa_ssl.obj) : warning LNK4099: PDB 'ossl_static.pdb' was not found with 'libyara32.lib(rsa_ssl.obj)' or at 'C:\Users\mlguilb\Documents\Capemon_dev\FORK\capemon\Debug\ossl_static.pdb'; linking object as if no debug info
libyara32.lib(rsa_sign.obj) : warning LNK4099: PDB '' was not found with 'libyara32.lib(rsa_sign.obj)' or at ''; linking object as if no debug info
libyara32.lib(rsa_saos.obj) : warning LNK4099: PDB '' was not found with 'libyara32.lib(rsa_saos.obj)' or at ''; linking object as if no debug info
libyara32.lib(rsa_pss.obj) : warning LNK4099: PDB 'ossl_static.pdb' was not found with 'libyara32.lib(rsa_pss.obj)' or at 'C:\Users\mlguilb\Documents\Capemon_dev\FORK\capemon\Debug\ossl_static.pdb'; linking object as if no debug info
libyara32.lib(rsa_pmeth.obj) : warning LNK4099: PDB '' was not found with 'libyara32.lib(rsa_pmeth.obj)' or at ''; linking object as if no debug info
libyara32.lib(rsa_pk1.obj) : warning LNK4099: PDB 'ossl_static.pdb' was not found with 'libyara32.lib(rsa_pk1.obj)' or at 'C:\Users\mlguilb\Documents\Capemon_dev\FORK\capemon\Debug\ossl_static.pdb'; linking object as if no debug info
libyara32.lib(rsa_ossl.obj) : warning LNK4099: PDB 'ossl_static.pdb' was not found with 'libyara32.lib(rsa_ossl.obj)' or at 'C:\Users\mlguilb\Documents\Capemon_dev\FORK\capemon\Debug\ossl_static.pdb'; linking object as if no debug info
libyara32.lib(rsa_oaep.obj) : warning LNK4099: PDB '' was not found with 'libyara32.lib(rsa_oaep.obj)' or at ''; linking object as if no debug info
libyara32.lib(rsa_none.obj) : warning LNK4099: PDB '' was not found with 'libyara32.lib(rsa_none.obj)' or at ''; linking object as if no debug info
libyara32.lib(rsa_mp.obj) : warning LNK4099: PDB '' was not found with 'libyara32.lib(rsa_mp.obj)' or at ''; linking object as if no debug info
libyara32.lib(rsa_meth.obj) : warning LNK4099: PDB 'ossl_static.pdb' was not found with 'libyara32.lib(rsa_meth.obj)' or at 'C:\Users\mlguilb\Documents\Capemon_dev\FORK\capemon\Debug\ossl_static.pdb'; linking object as if no debug info
libyara32.lib(rsa_lib.obj) : warning LNK4099: PDB '' was not found with 'libyara32.lib(rsa_lib.obj)' or at ''; linking object as if no debug info
libyara32.lib(rsa_gen.obj) : warning LNK4099: PDB 'ossl_static.pdb' was not found with 'libyara32.lib(rsa_gen.obj)' or at 'C:\Users\mlguilb\Documents\Capemon_dev\FORK\capemon\Debug\ossl_static.pdb'; linking object as if no debug info
libyara32.lib(rsa_err.obj) : warning LNK4099: PDB '' was not found with 'libyara32.lib(rsa_err.obj)' or at ''; linking object as if no debug info
libyara32.lib(rsa_crpt.obj) : warning LNK4099: PDB '' was not found with 'libyara32.lib(rsa_crpt.obj)' or at ''; linking object as if no debug info
libyara32.lib(rsa_chk.obj) : warning LNK4099: PDB 'ossl_static.pdb' was not found with 'libyara32.lib(rsa_chk.obj)' or at 'C:\Users\mlguilb\Documents\Capemon_dev\FORK\capemon\Debug\ossl_static.pdb'; linking object as if no debug info
libyara32.lib(rsa_asn1.obj) : warning LNK4099: PDB 'ossl_static.pdb' was not found with 'libyara32.lib(rsa_asn1.obj)' or at 'C:\Users\mlguilb\Documents\Capemon_dev\FORK\capemon\Debug\ossl_static.pdb'; linking object as if no debug info
libyara32.lib(rsa_ameth.obj) : warning LNK4099: PDB '' was not found with 'libyara32.lib(rsa_ameth.obj)' or at ''; linking object as if no debug info
libyara32.lib(rmd_dgst.obj) : warning LNK4099: PDB 'ossl_static.pdb' was not found with 'libyara32.lib(rmd_dgst.obj)' or at 'C:\Users\mlguilb\Documents\Capemon_dev\FORK\capemon\Debug\ossl_static.pdb'; linking object as if no debug info
libyara32.lib(rc4_skey.obj) : warning LNK4099: PDB 'ossl_static.pdb' was not found with 'libyara32.lib(rc4_skey.obj)' or at 'C:\Users\mlguilb\Documents\Capemon_dev\FORK\capemon\Debug\ossl_static.pdb'; linking object as if no debug info
libyara32.lib(rc4_enc.obj) : warning LNK4099: PDB 'ossl_static.pdb' was not found with 'libyara32.lib(rc4_enc.obj)' or at 'C:\Users\mlguilb\Documents\Capemon_dev\FORK\capemon\Debug\ossl_static.pdb'; linking object as if no debug info
libyara32.lib(rc2ofb64.obj) : warning LNK4099: PDB 'ossl_static.pdb' was not found with 'libyara32.lib(rc2ofb64.obj)' or at 'C:\Users\mlguilb\Documents\Capemon_dev\FORK\capemon\Debug\ossl_static.pdb'; linking object as if no debug info
libyara32.lib(rc2cfb64.obj) : warning LNK4099: PDB '' was not found with 'libyara32.lib(rc2cfb64.obj)' or at ''; linking object as if no debug info
libyara32.lib(rc2_skey.obj) : warning LNK4099: PDB '' was not found with 'libyara32.lib(rc2_skey.obj)' or at ''; linking object as if no debug info
libyara32.lib(rc2_ecb.obj) : warning LNK4099: PDB 'ossl_static.pdb' was not found with 'libyara32.lib(rc2_ecb.obj)' or at 'C:\Users\mlguilb\Documents\Capemon_dev\FORK\capemon\Debug\ossl_static.pdb'; linking object as if no debug info
libyara32.lib(rc2_cbc.obj) : warning LNK4099: PDB '' was not found with 'libyara32.lib(rc2_cbc.obj)' or at ''; linking object as if no debug info
libyara32.lib(rand_win.obj) : warning LNK4099: PDB '' was not found with 'libyara32.lib(rand_win.obj)' or at ''; linking object as if no debug info
libyara32.lib(rand_lib.obj) : warning LNK4099: PDB 'ossl_static.pdb' was not found with 'libyara32.lib(rand_lib.obj)' or at 'C:\Users\mlguilb\Documents\Capemon_dev\FORK\capemon\Debug\ossl_static.pdb'; linking object as if no debug info
libyara32.lib(rand_err.obj) : warning LNK4099: PDB '' was not found with 'libyara32.lib(rand_err.obj)' or at ''; linking object as if no debug info
libyara32.lib(drbg_lib.obj) : warning LNK4099: PDB '' was not found with 'libyara32.lib(drbg_lib.obj)' or at ''; linking object as if no debug info
libyara32.lib(drbg_ctr.obj) : warning LNK4099: PDB 'ossl_static.pdb' was not found with 'libyara32.lib(drbg_ctr.obj)' or at 'C:\Users\mlguilb\Documents\Capemon_dev\FORK\capemon\Debug\ossl_static.pdb'; linking object as if no debug info
libyara32.lib(poly1305_pmeth.obj) : warning LNK4099: PDB '' was not found with 'libyara32.lib(poly1305_pmeth.obj)' or at ''; linking object as if no debug info
libyara32.lib(poly1305_ameth.obj) : warning LNK4099: PDB '' was not found with 'libyara32.lib(poly1305_ameth.obj)' or at ''; linking object as if no debug info
libyara32.lib(poly1305.obj) : warning LNK4099: PDB 'ossl_static.pdb' was not found with 'libyara32.lib(poly1305.obj)' or at 'C:\Users\mlguilb\Documents\Capemon_dev\FORK\capemon\Debug\ossl_static.pdb'; linking object as if no debug info
libyara32.lib(pkcs7err.obj) : warning LNK4099: PDB 'ossl_static.pdb' was not found with 'libyara32.lib(pkcs7err.obj)' or at 'C:\Users\mlguilb\Documents\Capemon_dev\FORK\capemon\Debug\ossl_static.pdb'; linking object as if no debug info
libyara32.lib(pk7_smime.obj) : warning LNK4099: PDB '' was not found with 'libyara32.lib(pk7_smime.obj)' or at ''; linking object as if no debug info
libyara32.lib(pk7_lib.obj) : warning LNK4099: PDB 'ossl_static.pdb' was not found with 'libyara32.lib(pk7_lib.obj)' or at 'C:\Users\mlguilb\Documents\Capemon_dev\FORK\capemon\Debug\ossl_static.pdb'; linking object as if no debug info
libyara32.lib(pk7_doit.obj) : warning LNK4099: PDB '' was not found with 'libyara32.lib(pk7_doit.obj)' or at ''; linking object as if no debug info
libyara32.lib(pk7_attr.obj) : warning LNK4099: PDB '' was not found with 'libyara32.lib(pk7_attr.obj)' or at ''; linking object as if no debug info
libyara32.lib(pk7_asn1.obj) : warning LNK4099: PDB 'ossl_static.pdb' was not found with 'libyara32.lib(pk7_asn1.obj)' or at 'C:\Users\mlguilb\Documents\Capemon_dev\FORK\capemon\Debug\ossl_static.pdb'; linking object as if no debug info
libyara32.lib(pk12err.obj) : warning LNK4099: PDB '' was not found with 'libyara32.lib(pk12err.obj)' or at ''; linking object as if no debug info
libyara32.lib(p12_utl.obj) : warning LNK4099: PDB '' was not found with 'libyara32.lib(p12_utl.obj)' or at ''; linking object as if no debug info
libyara32.lib(p12_sbag.obj) : warning LNK4099: PDB 'ossl_static.pdb' was not found with 'libyara32.lib(p12_sbag.obj)' or at 'C:\Users\mlguilb\Documents\Capemon_dev\FORK\capemon\Debug\ossl_static.pdb'; linking object as if no debug info
libyara32.lib(p12_p8e.obj) : warning LNK4099: PDB '' was not found with 'libyara32.lib(p12_p8e.obj)' or at ''; linking object as if no debug info
libyara32.lib(p12_p8d.obj) : warning LNK4099: PDB '' was not found with 'libyara32.lib(p12_p8d.obj)' or at ''; linking object as if no debug info
libyara32.lib(p12_mutl.obj) : warning LNK4099: PDB 'ossl_static.pdb' was not found with 'libyara32.lib(p12_mutl.obj)' or at 'C:\Users\mlguilb\Documents\Capemon_dev\FORK\capemon\Debug\ossl_static.pdb'; linking object as if no debug info
libyara32.lib(p12_kiss.obj) : warning LNK4099: PDB '' was not found with 'libyara32.lib(p12_kiss.obj)' or at ''; linking object as if no debug info
libyara32.lib(p12_key.obj) : warning LNK4099: PDB '' was not found with 'libyara32.lib(p12_key.obj)' or at ''; linking object as if no debug info
libyara32.lib(p12_decr.obj) : warning LNK4099: PDB 'ossl_static.pdb' was not found with 'libyara32.lib(p12_decr.obj)' or at 'C:\Users\mlguilb\Documents\Capemon_dev\FORK\capemon\Debug\ossl_static.pdb'; linking object as if no debug info
libyara32.lib(p12_crpt.obj) : warning LNK4099: PDB '' was not found with 'libyara32.lib(p12_crpt.obj)' or at ''; linking object as if no debug info
libyara32.lib(p12_attr.obj) : warning LNK4099: PDB '' was not found with 'libyara32.lib(p12_attr.obj)' or at ''; linking object as if no debug info
libyara32.lib(p12_asn.obj) : warning LNK4099: PDB 'ossl_static.pdb' was not found with 'libyara32.lib(p12_asn.obj)' or at 'C:\Users\mlguilb\Documents\Capemon_dev\FORK\capemon\Debug\ossl_static.pdb'; linking object as if no debug info
libyara32.lib(p12_add.obj) : warning LNK4099: PDB '' was not found with 'libyara32.lib(p12_add.obj)' or at ''; linking object as if no debug info
libyara32.lib(pem_x509.obj) : warning LNK4099: PDB '' was not found with 'libyara32.lib(pem_x509.obj)' or at ''; linking object as if no debug info
libyara32.lib(pem_pkey.obj) : warning LNK4099: PDB 'ossl_static.pdb' was not found with 'libyara32.lib(pem_pkey.obj)' or at 'C:\Users\mlguilb\Documents\Capemon_dev\FORK\capemon\Debug\ossl_static.pdb'; linking object as if no debug info
libyara32.lib(pem_pk8.obj) : warning LNK4099: PDB '' was not found with 'libyara32.lib(pem_pk8.obj)' or at ''; linking object as if no debug info
libyara32.lib(pem_oth.obj) : warning LNK4099: PDB '' was not found with 'libyara32.lib(pem_oth.obj)' or at ''; linking object as if no debug info
libyara32.lib(pem_lib.obj) : warning LNK4099: PDB 'ossl_static.pdb' was not found with 'libyara32.lib(pem_lib.obj)' or at 'C:\Users\mlguilb\Documents\Capemon_dev\FORK\capemon\Debug\ossl_static.pdb'; linking object as if no debug info
libyara32.lib(pem_err.obj) : warning LNK4099: PDB '' was not found with 'libyara32.lib(pem_err.obj)' or at ''; linking object as if no debug info
libyara32.lib(v3_ocsp.obj) : warning LNK4099: PDB '' was not found with 'libyara32.lib(v3_ocsp.obj)' or at ''; linking object as if no debug info
libyara32.lib(ocsp_ht.obj) : warning LNK4099: PDB 'ossl_static.pdb' was not found with 'libyara32.lib(ocsp_ht.obj)' or at 'C:\Users\mlguilb\Documents\Capemon_dev\FORK\capemon\Debug\ossl_static.pdb'; linking object as if no debug info
libyara32.lib(ocsp_err.obj) : warning LNK4099: PDB '' was not found with 'libyara32.lib(ocsp_err.obj)' or at ''; linking object as if no debug info
libyara32.lib(ocsp_asn.obj) : warning LNK4099: PDB '' was not found with 'libyara32.lib(ocsp_asn.obj)' or at ''; linking object as if no debug info
libyara32.lib(obj_xref.obj) : warning LNK4099: PDB 'ossl_static.pdb' was not found with 'libyara32.lib(obj_xref.obj)' or at 'C:\Users\mlguilb\Documents\Capemon_dev\FORK\capemon\Debug\ossl_static.pdb'; linking object as if no debug info
libyara32.lib(obj_lib.obj) : warning LNK4099: PDB '' was not found with 'libyara32.lib(obj_lib.obj)' or at ''; linking object as if no debug info
libyara32.lib(obj_err.obj) : warning LNK4099: PDB '' was not found with 'libyara32.lib(obj_err.obj)' or at ''; linking object as if no debug info
libyara32.lib(obj_dat.obj) : warning LNK4099: PDB 'ossl_static.pdb' was not found with 'libyara32.lib(obj_dat.obj)' or at 'C:\Users\mlguilb\Documents\Capemon_dev\FORK\capemon\Debug\ossl_static.pdb'; linking object as if no debug info
libyara32.lib(o_names.obj) : warning LNK4099: PDB 'ossl_static.pdb' was not found with 'libyara32.lib(o_names.obj)' or at 'C:\Users\mlguilb\Documents\Capemon_dev\FORK\capemon\Debug\ossl_static.pdb'; linking object as if no debug info
libyara32.lib(o_time.obj) : warning LNK4099: PDB '' was not found with 'libyara32.lib(o_time.obj)' or at ''; linking object as if no debug info
libyara32.lib(o_str.obj) : warning LNK4099: PDB 'ossl_static.pdb' was not found with 'libyara32.lib(o_str.obj)' or at 'C:\Users\mlguilb\Documents\Capemon_dev\FORK\capemon\Debug\ossl_static.pdb'; linking object as if no debug info
libyara32.lib(o_fopen.obj) : warning LNK4099: PDB 'ossl_static.pdb' was not found with 'libyara32.lib(o_fopen.obj)' or at 'C:\Users\mlguilb\Documents\Capemon_dev\FORK\capemon\Debug\ossl_static.pdb'; linking object as if no debug info
libyara32.lib(o_dir.obj) : warning LNK4099: PDB '' was not found with 'libyara32.lib(o_dir.obj)' or at ''; linking object as if no debug info
libyara32.lib(xts128.obj) : warning LNK4099: PDB 'ossl_static.pdb' was not found with 'libyara32.lib(xts128.obj)' or at 'C:\Users\mlguilb\Documents\Capemon_dev\FORK\capemon\Debug\ossl_static.pdb'; linking object as if no debug info
libyara32.lib(wrap128.obj) : warning LNK4099: PDB '' was not found with 'libyara32.lib(wrap128.obj)' or at ''; linking object as if no debug info
libyara32.lib(ofb128.obj) : warning LNK4099: PDB '' was not found with 'libyara32.lib(ofb128.obj)' or at ''; linking object as if no debug info
libyara32.lib(ocb128.obj) : warning LNK4099: PDB 'ossl_static.pdb' was not found with 'libyara32.lib(ocb128.obj)' or at 'C:\Users\mlguilb\Documents\Capemon_dev\FORK\capemon\Debug\ossl_static.pdb'; linking object as if no debug info
libyara32.lib(gcm128.obj) : warning LNK4099: PDB 'ossl_static.pdb' was not found with 'libyara32.lib(gcm128.obj)' or at 'C:\Users\mlguilb\Documents\Capemon_dev\FORK\capemon\Debug\ossl_static.pdb'; linking object as if no debug info
libyara32.lib(ctr128.obj) : warning LNK4099: PDB '' was not found with 'libyara32.lib(ctr128.obj)' or at ''; linking object as if no debug info
libyara32.lib(cfb128.obj) : warning LNK4099: PDB 'ossl_static.pdb' was not found with 'libyara32.lib(cfb128.obj)' or at 'C:\Users\mlguilb\Documents\Capemon_dev\FORK\capemon\Debug\ossl_static.pdb'; linking object as if no debug info
libyara32.lib(ccm128.obj) : warning LNK4099: PDB '' was not found with 'libyara32.lib(ccm128.obj)' or at ''; linking object as if no debug info
libyara32.lib(cbc128.obj) : warning LNK4099: PDB 'ossl_static.pdb' was not found with 'libyara32.lib(cbc128.obj)' or at 'C:\Users\mlguilb\Documents\Capemon_dev\FORK\capemon\Debug\ossl_static.pdb'; linking object as if no debug info
libyara32.lib(mem_sec.obj) : warning LNK4099: PDB 'ossl_static.pdb' was not found with 'libyara32.lib(mem_sec.obj)' or at 'C:\Users\mlguilb\Documents\Capemon_dev\FORK\capemon\Debug\ossl_static.pdb'; linking object as if no debug info
libyara32.lib(mem_dbg.obj) : warning LNK4099: PDB '' was not found with 'libyara32.lib(mem_dbg.obj)' or at ''; linking object as if no debug info
libyara32.lib(mem_clr.obj) : warning LNK4099: PDB '' was not found with 'libyara32.lib(mem_clr.obj)' or at ''; linking object as if no debug info
libyara32.lib(mem.obj) : warning LNK4099: PDB 'ossl_static.pdb' was not found with 'libyara32.lib(mem.obj)' or at 'C:\Users\mlguilb\Documents\Capemon_dev\FORK\capemon\Debug\ossl_static.pdb'; linking object as if no debug info
libyara32.lib(mdc2dgst.obj) : warning LNK4099: PDB 'ossl_static.pdb' was not found with 'libyara32.lib(mdc2dgst.obj)' or at 'C:\Users\mlguilb\Documents\Capemon_dev\FORK\capemon\Debug\ossl_static.pdb'; linking object as if no debug info
libyara32.lib(md5_dgst.obj) : warning LNK4099: PDB '' was not found with 'libyara32.lib(md5_dgst.obj)' or at ''; linking object as if no debug info
libyara32.lib(md4_dgst.obj) : warning LNK4099: PDB 'ossl_static.pdb' was not found with 'libyara32.lib(md4_dgst.obj)' or at 'C:\Users\mlguilb\Documents\Capemon_dev\FORK\capemon\Debug\ossl_static.pdb'; linking object as if no debug info
libyara32.lib(lhash.obj) : warning LNK4099: PDB '' was not found with 'libyara32.lib(lhash.obj)' or at ''; linking object as if no debug info
libyara32.lib(tls1_prf.obj) : warning LNK4099: PDB '' was not found with 'libyara32.lib(tls1_prf.obj)' or at ''; linking object as if no debug info
libyara32.lib(scrypt.obj) : warning LNK4099: PDB 'ossl_static.pdb' was not found with 'libyara32.lib(scrypt.obj)' or at 'C:\Users\mlguilb\Documents\Capemon_dev\FORK\capemon\Debug\ossl_static.pdb'; linking object as if no debug info
libyara32.lib(kdf_err.obj) : warning LNK4099: PDB 'ossl_static.pdb' was not found with 'libyara32.lib(kdf_err.obj)' or at 'C:\Users\mlguilb\Documents\Capemon_dev\FORK\capemon\Debug\ossl_static.pdb'; linking object as if no debug info
libyara32.lib(hkdf.obj) : warning LNK4099: PDB '' was not found with 'libyara32.lib(hkdf.obj)' or at ''; linking object as if no debug info
libyara32.lib(init.obj) : warning LNK4099: PDB 'ossl_static.pdb' was not found with 'libyara32.lib(init.obj)' or at 'C:\Users\mlguilb\Documents\Capemon_dev\FORK\capemon\Debug\ossl_static.pdb'; linking object as if no debug info
libyara32.lib(i_skey.obj) : warning LNK4099: PDB '' was not found with 'libyara32.lib(i_skey.obj)' or at ''; linking object as if no debug info
libyara32.lib(i_ofb64.obj) : warning LNK4099: PDB '' was not found with 'libyara32.lib(i_ofb64.obj)' or at ''; linking object as if no debug info
libyara32.lib(i_ecb.obj) : warning LNK4099: PDB 'ossl_static.pdb' was not found with 'libyara32.lib(i_ecb.obj)' or at 'C:\Users\mlguilb\Documents\Capemon_dev\FORK\capemon\Debug\ossl_static.pdb'; linking object as if no debug info
libyara32.lib(i_cfb64.obj) : warning LNK4099: PDB 'ossl_static.pdb' was not found with 'libyara32.lib(i_cfb64.obj)' or at 'C:\Users\mlguilb\Documents\Capemon_dev\FORK\capemon\Debug\ossl_static.pdb'; linking object as if no debug info
libyara32.lib(i_cbc.obj) : warning LNK4099: PDB '' was not found with 'libyara32.lib(i_cbc.obj)' or at ''; linking object as if no debug info
libyara32.lib(hmac.obj) : warning LNK4099: PDB 'ossl_static.pdb' was not found with 'libyara32.lib(hmac.obj)' or at 'C:\Users\mlguilb\Documents\Capemon_dev\FORK\capemon\Debug\ossl_static.pdb'; linking object as if no debug info
libyara32.lib(hm_pmeth.obj) : warning LNK4099: PDB '' was not found with 'libyara32.lib(hm_pmeth.obj)' or at ''; linking object as if no debug info
libyara32.lib(hm_ameth.obj) : warning LNK4099: PDB '' was not found with 'libyara32.lib(hm_ameth.obj)' or at ''; linking object as if no debug info
libyara32.lib(getenv.obj) : warning LNK4099: PDB 'ossl_static.pdb' was not found with 'libyara32.lib(getenv.obj)' or at 'C:\Users\mlguilb\Documents\Capemon_dev\FORK\capemon\Debug\ossl_static.pdb'; linking object as if no debug info
libyara32.lib(ex_data.obj) : warning LNK4099: PDB '' was not found with 'libyara32.lib(ex_data.obj)' or at ''; linking object as if no debug info
libyara32.lib(pmeth_lib.obj) : warning LNK4099: PDB '' was not found with 'libyara32.lib(pmeth_lib.obj)' or at ''; linking object as if no debug info
libyara32.lib(pmeth_gn.obj) : warning LNK4099: PDB 'ossl_static.pdb' was not found with 'libyara32.lib(pmeth_gn.obj)' or at 'C:\Users\mlguilb\Documents\Capemon_dev\FORK\capemon\Debug\ossl_static.pdb'; linking object as if no debug info
libyara32.lib(pmeth_fn.obj) : warning LNK4099: PDB 'ossl_static.pdb' was not found with 'libyara32.lib(pmeth_fn.obj)' or at 'C:\Users\mlguilb\Documents\Capemon_dev\FORK\capemon\Debug\ossl_static.pdb'; linking object as if no debug info
libyara32.lib(pbe_scrypt.obj) : warning LNK4099: PDB '' was not found with 'libyara32.lib(pbe_scrypt.obj)' or at ''; linking object as if no debug info
libyara32.lib(p_verify.obj) : warning LNK4099: PDB '' was not found with 'libyara32.lib(p_verify.obj)' or at ''; linking object as if no debug info
libyara32.lib(p_sign.obj) : warning LNK4099: PDB '' was not found with 'libyara32.lib(p_sign.obj)' or at ''; linking object as if no debug info
libyara32.lib(p_lib.obj) : warning LNK4099: PDB '' was not found with 'libyara32.lib(p_lib.obj)' or at ''; linking object as if no debug info
libyara32.lib(p5_crpt2.obj) : warning LNK4099: PDB 'ossl_static.pdb' was not found with 'libyara32.lib(p5_crpt2.obj)' or at 'C:\Users\mlguilb\Documents\Capemon_dev\FORK\capemon\Debug\ossl_static.pdb'; linking object as if no debug info
libyara32.lib(p5_crpt.obj) : warning LNK4099: PDB 'ossl_static.pdb' was not found with 'libyara32.lib(p5_crpt.obj)' or at 'C:\Users\mlguilb\Documents\Capemon_dev\FORK\capemon\Debug\ossl_static.pdb'; linking object as if no debug info
libyara32.lib(names.obj) : warning LNK4099: PDB '' was not found with 'libyara32.lib(names.obj)' or at ''; linking object as if no debug info
libyara32.lib(m_wp.obj) : warning LNK4099: PDB 'ossl_static.pdb' was not found with 'libyara32.lib(m_wp.obj)' or at 'C:\Users\mlguilb\Documents\Capemon_dev\FORK\capemon\Debug\ossl_static.pdb'; linking object as if no debug info
libyara32.lib(m_sigver.obj) : warning LNK4099: PDB 'ossl_static.pdb' was not found with 'libyara32.lib(m_sigver.obj)' or at 'C:\Users\mlguilb\Documents\Capemon_dev\FORK\capemon\Debug\ossl_static.pdb'; linking object as if no debug info
libyara32.lib(m_sha3.obj) : warning LNK4099: PDB '' was not found with 'libyara32.lib(m_sha3.obj)' or at ''; linking object as if no debug info
libyara32.lib(m_sha1.obj) : warning LNK4099: PDB 'ossl_static.pdb' was not found with 'libyara32.lib(m_sha1.obj)' or at 'C:\Users\mlguilb\Documents\Capemon_dev\FORK\capemon\Debug\ossl_static.pdb'; linking object as if no debug info
libyara32.lib(m_ripemd.obj) : warning LNK4099: PDB '' was not found with 'libyara32.lib(m_ripemd.obj)' or at ''; linking object as if no debug info
libyara32.lib(m_null.obj) : warning LNK4099: PDB '' was not found with 'libyara32.lib(m_null.obj)' or at ''; linking object as if no debug info
libyara32.lib(m_mdc2.obj) : warning LNK4099: PDB 'ossl_static.pdb' was not found with 'libyara32.lib(m_mdc2.obj)' or at 'C:\Users\mlguilb\Documents\Capemon_dev\FORK\capemon\Debug\ossl_static.pdb'; linking object as if no debug info
libyara32.lib(m_md5_sha1.obj) : warning LNK4099: PDB '' was not found with 'libyara32.lib(m_md5_sha1.obj)' or at ''; linking object as if no debug info
libyara32.lib(m_md5.obj) : warning LNK4099: PDB '' was not found with 'libyara32.lib(m_md5.obj)' or at ''; linking object as if no debug info
libyara32.lib(m_md4.obj) : warning LNK4099: PDB 'ossl_static.pdb' was not found with 'libyara32.lib(m_md4.obj)' or at 'C:\Users\mlguilb\Documents\Capemon_dev\FORK\capemon\Debug\ossl_static.pdb'; linking object as if no debug info
libyara32.lib(evp_pkey.obj) : warning LNK4099: PDB '' was not found with 'libyara32.lib(evp_pkey.obj)' or at ''; linking object as if no debug info
libyara32.lib(evp_pbe.obj) : warning LNK4099: PDB 'ossl_static.pdb' was not found with 'libyara32.lib(evp_pbe.obj)' or at 'C:\Users\mlguilb\Documents\Capemon_dev\FORK\capemon\Debug\ossl_static.pdb'; linking object as if no debug info
libyara32.lib(evp_lib.obj) : warning LNK4099: PDB '' was not found with 'libyara32.lib(evp_lib.obj)' or at ''; linking object as if no debug info
libyara32.lib(evp_key.obj) : warning LNK4099: PDB '' was not found with 'libyara32.lib(evp_key.obj)' or at ''; linking object as if no debug info
libyara32.lib(evp_err.obj) : warning LNK4099: PDB '' was not found with 'libyara32.lib(evp_err.obj)' or at ''; linking object as if no debug info
libyara32.lib(evp_enc.obj) : warning LNK4099: PDB 'ossl_static.pdb' was not found with 'libyara32.lib(evp_enc.obj)' or at 'C:\Users\mlguilb\Documents\Capemon_dev\FORK\capemon\Debug\ossl_static.pdb'; linking object as if no debug info
libyara32.lib(evp_cnf.obj) : warning LNK4099: PDB '' was not found with 'libyara32.lib(evp_cnf.obj)' or at ''; linking object as if no debug info
libyara32.lib(encode.obj) : warning LNK4099: PDB '' was not found with 'libyara32.lib(encode.obj)' or at ''; linking object as if no debug info
libyara32.lib(e_xcbc_d.obj) : warning LNK4099: PDB 'ossl_static.pdb' was not found with 'libyara32.lib(e_xcbc_d.obj)' or at 'C:\Users\mlguilb\Documents\Capemon_dev\FORK\capemon\Debug\ossl_static.pdb'; linking object as if no debug info
libyara32.lib(e_sm4.obj) : warning LNK4099: PDB '' was not found with 'libyara32.lib(e_sm4.obj)' or at ''; linking object as if no debug info
libyara32.lib(e_seed.obj) : warning LNK4099: PDB 'ossl_static.pdb' was not found with 'libyara32.lib(e_seed.obj)' or at 'C:\Users\mlguilb\Documents\Capemon_dev\FORK\capemon\Debug\ossl_static.pdb'; linking object as if no debug info
libyara32.lib(e_rc4_hmac_md5.obj) : warning LNK4099: PDB 'ossl_static.pdb' was not found with 'libyara32.lib(e_rc4_hmac_md5.obj)' or at 'C:\Users\mlguilb\Documents\Capemon_dev\FORK\capemon\Debug\ossl_static.pdb'; linking object as if no debug info
libyara32.lib(e_rc4.obj) : warning LNK4099: PDB 'ossl_static.pdb' was not found with 'libyara32.lib(e_rc4.obj)' or at 'C:\Users\mlguilb\Documents\Capemon_dev\FORK\capemon\Debug\ossl_static.pdb'; linking object as if no debug info
libyara32.lib(e_rc2.obj) : warning LNK4099: PDB '' was not found with 'libyara32.lib(e_rc2.obj)' or at ''; linking object as if no debug info
libyara32.lib(e_idea.obj) : warning LNK4099: PDB 'ossl_static.pdb' was not found with 'libyara32.lib(e_idea.obj)' or at 'C:\Users\mlguilb\Documents\Capemon_dev\FORK\capemon\Debug\ossl_static.pdb'; linking object as if no debug info
libyara32.lib(e_des3.obj) : warning LNK4099: PDB 'ossl_static.pdb' was not found with 'libyara32.lib(e_des3.obj)' or at 'C:\Users\mlguilb\Documents\Capemon_dev\FORK\capemon\Debug\ossl_static.pdb'; linking object as if no debug info
libyara32.lib(e_des.obj) : warning LNK4099: PDB '' was not found with 'libyara32.lib(e_des.obj)' or at ''; linking object as if no debug info
libyara32.lib(e_chacha20_poly1305.obj) : warning LNK4099: PDB 'ossl_static.pdb' was not found with 'libyara32.lib(e_chacha20_poly1305.obj)' or at 'C:\Users\mlguilb\Documents\Capemon_dev\FORK\capemon\Debug\ossl_static.pdb'; linking object as if no debug info
libyara32.lib(e_cast.obj) : warning LNK4099: PDB '' was not found with 'libyara32.lib(e_cast.obj)' or at ''; linking object as if no debug info
libyara32.lib(e_camellia.obj) : warning LNK4099: PDB '' was not found with 'libyara32.lib(e_camellia.obj)' or at ''; linking object as if no debug info
libyara32.lib(e_bf.obj) : warning LNK4099: PDB 'ossl_static.pdb' was not found with 'libyara32.lib(e_bf.obj)' or at 'C:\Users\mlguilb\Documents\Capemon_dev\FORK\capemon\Debug\ossl_static.pdb'; linking object as if no debug info
libyara32.lib(e_aria.obj) : warning LNK4099: PDB '' was not found with 'libyara32.lib(e_aria.obj)' or at ''; linking object as if no debug info
libyara32.lib(e_aes_cbc_hmac_sha256.obj) : warning LNK4099: PDB '' was not found with 'libyara32.lib(e_aes_cbc_hmac_sha256.obj)' or at ''; linking object as if no debug info
libyara32.lib(e_aes_cbc_hmac_sha1.obj) : warning LNK4099: PDB 'ossl_static.pdb' was not found with 'libyara32.lib(e_aes_cbc_hmac_sha1.obj)' or at 'C:\Users\mlguilb\Documents\Capemon_dev\FORK\capemon\Debug\ossl_static.pdb'; linking object as if no debug info
libyara32.lib(e_aes.obj) : warning LNK4099: PDB '' was not found with 'libyara32.lib(e_aes.obj)' or at ''; linking object as if no debug info
libyara32.lib(digest.obj) : warning LNK4099: PDB '' was not found with 'libyara32.lib(digest.obj)' or at ''; linking object as if no debug info
libyara32.lib(cmeth_lib.obj) : warning LNK4099: PDB 'ossl_static.pdb' was not found with 'libyara32.lib(cmeth_lib.obj)' or at 'C:\Users\mlguilb\Documents\Capemon_dev\FORK\capemon\Debug\ossl_static.pdb'; linking object as if no debug info
libyara32.lib(c_alld.obj) : warning LNK4099: PDB '' was not found with 'libyara32.lib(c_alld.obj)' or at ''; linking object as if no debug info
libyara32.lib(c_allc.obj) : warning LNK4099: PDB '' was not found with 'libyara32.lib(c_allc.obj)' or at ''; linking object as if no debug info
libyara32.lib(bio_md.obj) : warning LNK4099: PDB 'ossl_static.pdb' was not found with 'libyara32.lib(bio_md.obj)' or at 'C:\Users\mlguilb\Documents\Capemon_dev\FORK\capemon\Debug\ossl_static.pdb'; linking object as if no debug info
libyara32.lib(bio_enc.obj) : warning LNK4099: PDB '' was not found with 'libyara32.lib(bio_enc.obj)' or at ''; linking object as if no debug info
libyara32.lib(bio_b64.obj) : warning LNK4099: PDB 'ossl_static.pdb' was not found with 'libyara32.lib(bio_b64.obj)' or at 'C:\Users\mlguilb\Documents\Capemon_dev\FORK\capemon\Debug\ossl_static.pdb'; linking object as if no debug info
libyara32.lib(err_prn.obj) : warning LNK4099: PDB 'ossl_static.pdb' was not found with 'libyara32.lib(err_prn.obj)' or at 'C:\Users\mlguilb\Documents\Capemon_dev\FORK\capemon\Debug\ossl_static.pdb'; linking object as if no debug info
libyara32.lib(err_all.obj) : warning LNK4099: PDB '' was not found with 'libyara32.lib(err_all.obj)' or at ''; linking object as if no debug info
libyara32.lib(err.obj) : warning LNK4099: PDB '' was not found with 'libyara32.lib(err.obj)' or at ''; linking object as if no debug info
libyara32.lib(tb_rsa.obj) : warning LNK4099: PDB 'ossl_static.pdb' was not found with 'libyara32.lib(tb_rsa.obj)' or at 'C:\Users\mlguilb\Documents\Capemon_dev\FORK\capemon\Debug\ossl_static.pdb'; linking object as if no debug info
libyara32.lib(tb_rand.obj) : warning LNK4099: PDB '' was not found with 'libyara32.lib(tb_rand.obj)' or at ''; linking object as if no debug info
libyara32.lib(tb_pkmeth.obj) : warning LNK4099: PDB '' was not found with 'libyara32.lib(tb_pkmeth.obj)' or at ''; linking object as if no debug info
libyara32.lib(tb_eckey.obj) : warning LNK4099: PDB 'ossl_static.pdb' was not found with 'libyara32.lib(tb_eckey.obj)' or at 'C:\Users\mlguilb\Documents\Capemon_dev\FORK\capemon\Debug\ossl_static.pdb'; linking object as if no debug info
libyara32.lib(tb_dsa.obj) : warning LNK4099: PDB '' was not found with 'libyara32.lib(tb_dsa.obj)' or at ''; linking object as if no debug info
libyara32.lib(tb_digest.obj) : warning LNK4099: PDB '' was not found with 'libyara32.lib(tb_digest.obj)' or at ''; linking object as if no debug info
libyara32.lib(tb_dh.obj) : warning LNK4099: PDB 'ossl_static.pdb' was not found with 'libyara32.lib(tb_dh.obj)' or at 'C:\Users\mlguilb\Documents\Capemon_dev\FORK\capemon\Debug\ossl_static.pdb'; linking object as if no debug info
libyara32.lib(tb_cipher.obj) : warning LNK4099: PDB '' was not found with 'libyara32.lib(tb_cipher.obj)' or at ''; linking object as if no debug info
libyara32.lib(tb_asnmth.obj) : warning LNK4099: PDB '' was not found with 'libyara32.lib(tb_asnmth.obj)' or at ''; linking object as if no debug info
libyara32.lib(eng_table.obj) : warning LNK4099: PDB 'ossl_static.pdb' was not found with 'libyara32.lib(eng_table.obj)' or at 'C:\Users\mlguilb\Documents\Capemon_dev\FORK\capemon\Debug\ossl_static.pdb'; linking object as if no debug info
libyara32.lib(eng_rdrand.obj) : warning LNK4099: PDB '' was not found with 'libyara32.lib(eng_rdrand.obj)' or at ''; linking object as if no debug info
libyara32.lib(eng_pkey.obj) : warning LNK4099: PDB '' was not found with 'libyara32.lib(eng_pkey.obj)' or at ''; linking object as if no debug info
libyara32.lib(eng_openssl.obj) : warning LNK4099: PDB 'ossl_static.pdb' was not found with 'libyara32.lib(eng_openssl.obj)' or at 'C:\Users\mlguilb\Documents\Capemon_dev\FORK\capemon\Debug\ossl_static.pdb'; linking object as if no debug info
libyara32.lib(eng_list.obj) : warning LNK4099: PDB 'ossl_static.pdb' was not found with 'libyara32.lib(eng_list.obj)' or at 'C:\Users\mlguilb\Documents\Capemon_dev\FORK\capemon\Debug\ossl_static.pdb'; linking object as if no debug info
libyara32.lib(eng_lib.obj) : warning LNK4099: PDB '' was not found with 'libyara32.lib(eng_lib.obj)' or at ''; linking object as if no debug info
libyara32.lib(eng_init.obj) : warning LNK4099: PDB 'ossl_static.pdb' was not found with 'libyara32.lib(eng_init.obj)' or at 'C:\Users\mlguilb\Documents\Capemon_dev\FORK\capemon\Debug\ossl_static.pdb'; linking object as if no debug info
libyara32.lib(eng_fat.obj) : warning LNK4099: PDB 'ossl_static.pdb' was not found with 'libyara32.lib(eng_fat.obj)' or at 'C:\Users\mlguilb\Documents\Capemon_dev\FORK\capemon\Debug\ossl_static.pdb'; linking object as if no debug info
libyara32.lib(eng_err.obj) : warning LNK4099: PDB '' was not found with 'libyara32.lib(eng_err.obj)' or at ''; linking object as if no debug info
libyara32.lib(eng_dyn.obj) : warning LNK4099: PDB 'ossl_static.pdb' was not found with 'libyara32.lib(eng_dyn.obj)' or at 'C:\Users\mlguilb\Documents\Capemon_dev\FORK\capemon\Debug\ossl_static.pdb'; linking object as if no debug info
libyara32.lib(eng_ctrl.obj) : warning LNK4099: PDB '' was not found with 'libyara32.lib(eng_ctrl.obj)' or at ''; linking object as if no debug info
libyara32.lib(eng_cnf.obj) : warning LNK4099: PDB 'ossl_static.pdb' was not found with 'libyara32.lib(eng_cnf.obj)' or at 'C:\Users\mlguilb\Documents\Capemon_dev\FORK\capemon\Debug\ossl_static.pdb'; linking object as if no debug info
libyara32.lib(eng_all.obj) : warning LNK4099: PDB 'ossl_static.pdb' was not found with 'libyara32.lib(eng_all.obj)' or at 'C:\Users\mlguilb\Documents\Capemon_dev\FORK\capemon\Debug\ossl_static.pdb'; linking object as if no debug info
libyara32.lib(ecx_meth.obj) : warning LNK4099: PDB '' was not found with 'libyara32.lib(ecx_meth.obj)' or at ''; linking object as if no debug info
libyara32.lib(ecp_smpl.obj) : warning LNK4099: PDB '' was not found with 'libyara32.lib(ecp_smpl.obj)' or at ''; linking object as if no debug info
libyara32.lib(ecp_oct.obj) : warning LNK4099: PDB 'ossl_static.pdb' was not found with 'libyara32.lib(ecp_oct.obj)' or at 'C:\Users\mlguilb\Documents\Capemon_dev\FORK\capemon\Debug\ossl_static.pdb'; linking object as if no debug info
libyara32.lib(ecp_nist.obj) : warning LNK4099: PDB 'ossl_static.pdb' was not found with 'libyara32.lib(ecp_nist.obj)' or at 'C:\Users\mlguilb\Documents\Capemon_dev\FORK\capemon\Debug\ossl_static.pdb'; linking object as if no debug info
libyara32.lib(ecp_mont.obj) : warning LNK4099: PDB '' was not found with 'libyara32.lib(ecp_mont.obj)' or at ''; linking object as if no debug info
libyara32.lib(eck_prn.obj) : warning LNK4099: PDB 'ossl_static.pdb' was not found with 'libyara32.lib(eck_prn.obj)' or at 'C:\Users\mlguilb\Documents\Capemon_dev\FORK\capemon\Debug\ossl_static.pdb'; linking object as if no debug info
libyara32.lib(ecdsa_vrf.obj) : warning LNK4099: PDB 'ossl_static.pdb' was not found with 'libyara32.lib(ecdsa_vrf.obj)' or at 'C:\Users\mlguilb\Documents\Capemon_dev\FORK\capemon\Debug\ossl_static.pdb'; linking object as if no debug info
libyara32.lib(ecdsa_sign.obj) : warning LNK4099: PDB '' was not found with 'libyara32.lib(ecdsa_sign.obj)' or at ''; linking object as if no debug info
libyara32.lib(ecdsa_ossl.obj) : warning LNK4099: PDB 'ossl_static.pdb' was not found with 'libyara32.lib(ecdsa_ossl.obj)' or at 'C:\Users\mlguilb\Documents\Capemon_dev\FORK\capemon\Debug\ossl_static.pdb'; linking object as if no debug info
libyara32.lib(ecdh_ossl.obj) : warning LNK4099: PDB 'ossl_static.pdb' was not found with 'libyara32.lib(ecdh_ossl.obj)' or at 'C:\Users\mlguilb\Documents\Capemon_dev\FORK\capemon\Debug\ossl_static.pdb'; linking object as if no debug info
libyara32.lib(ecdh_kdf.obj) : warning LNK4099: PDB 'ossl_static.pdb' was not found with 'libyara32.lib(ecdh_kdf.obj)' or at 'C:\Users\mlguilb\Documents\Capemon_dev\FORK\capemon\Debug\ossl_static.pdb'; linking object as if no debug info
libyara32.lib(ec_print.obj) : warning LNK4099: PDB 'ossl_static.pdb' was not found with 'libyara32.lib(ec_print.obj)' or at 'C:\Users\mlguilb\Documents\Capemon_dev\FORK\capemon\Debug\ossl_static.pdb'; linking object as if no debug info
libyara32.lib(ec_pmeth.obj) : warning LNK4099: PDB '' was not found with 'libyara32.lib(ec_pmeth.obj)' or at ''; linking object as if no debug info
libyara32.lib(ec_oct.obj) : warning LNK4099: PDB 'ossl_static.pdb' was not found with 'libyara32.lib(ec_oct.obj)' or at 'C:\Users\mlguilb\Documents\Capemon_dev\FORK\capemon\Debug\ossl_static.pdb'; linking object as if no debug info
libyara32.lib(ec_mult.obj) : warning LNK4099: PDB 'ossl_static.pdb' was not found with 'libyara32.lib(ec_mult.obj)' or at 'C:\Users\mlguilb\Documents\Capemon_dev\FORK\capemon\Debug\ossl_static.pdb'; linking object as if no debug info
libyara32.lib(ec_lib.obj) : warning LNK4099: PDB '' was not found with 'libyara32.lib(ec_lib.obj)' or at ''; linking object as if no debug info
libyara32.lib(ec_kmeth.obj) : warning LNK4099: PDB '' was not found with 'libyara32.lib(ec_kmeth.obj)' or at ''; linking object as if no debug info
libyara32.lib(ec_key.obj) : warning LNK4099: PDB 'ossl_static.pdb' was not found with 'libyara32.lib(ec_key.obj)' or at 'C:\Users\mlguilb\Documents\Capemon_dev\FORK\capemon\Debug\ossl_static.pdb'; linking object as if no debug info
libyara32.lib(ec_err.obj) : warning LNK4099: PDB '' was not found with 'libyara32.lib(ec_err.obj)' or at ''; linking object as if no debug info
libyara32.lib(ec_cvt.obj) : warning LNK4099: PDB '' was not found with 'libyara32.lib(ec_cvt.obj)' or at ''; linking object as if no debug info
libyara32.lib(ec_curve.obj) : warning LNK4099: PDB 'ossl_static.pdb' was not found with 'libyara32.lib(ec_curve.obj)' or at 'C:\Users\mlguilb\Documents\Capemon_dev\FORK\capemon\Debug\ossl_static.pdb'; linking object as if no debug info
libyara32.lib(ec_check.obj) : warning LNK4099: PDB '' was not found with 'libyara32.lib(ec_check.obj)' or at ''; linking object as if no debug info
libyara32.lib(ec_asn1.obj) : warning LNK4099: PDB '' was not found with 'libyara32.lib(ec_asn1.obj)' or at ''; linking object as if no debug info
libyara32.lib(ec_ameth.obj) : warning LNK4099: PDB 'ossl_static.pdb' was not found with 'libyara32.lib(ec_ameth.obj)' or at 'C:\Users\mlguilb\Documents\Capemon_dev\FORK\capemon\Debug\ossl_static.pdb'; linking object as if no debug info
libyara32.lib(ec2_smpl.obj) : warning LNK4099: PDB '' was not found with 'libyara32.lib(ec2_smpl.obj)' or at ''; linking object as if no debug info
libyara32.lib(ec2_oct.obj) : warning LNK4099: PDB '' was not found with 'libyara32.lib(ec2_oct.obj)' or at ''; linking object as if no debug info
libyara32.lib(scalar.obj) : warning LNK4099: PDB 'ossl_static.pdb' was not found with 'libyara32.lib(scalar.obj)' or at 'C:\Users\mlguilb\Documents\Capemon_dev\FORK\capemon\Debug\ossl_static.pdb'; linking object as if no debug info
libyara32.lib(f_generic.obj) : warning LNK4099: PDB '' was not found with 'libyara32.lib(f_generic.obj)' or at ''; linking object as if no debug info
libyara32.lib(eddsa.obj) : warning LNK4099: PDB '' was not found with 'libyara32.lib(eddsa.obj)' or at ''; linking object as if no debug info
libyara32.lib(curve448_tables.obj) : warning LNK4099: PDB 'ossl_static.pdb' was not found with 'libyara32.lib(curve448_tables.obj)' or at 'C:\Users\mlguilb\Documents\Capemon_dev\FORK\capemon\Debug\ossl_static.pdb'; linking object as if no debug info
libyara32.lib(curve448.obj) : warning LNK4099: PDB '' was not found with 'libyara32.lib(curve448.obj)' or at ''; linking object as if no debug info
libyara32.lib(f_impl.obj) : warning LNK4099: PDB '' was not found with 'libyara32.lib(f_impl.obj)' or at ''; linking object as if no debug info
libyara32.lib(curve25519.obj) : warning LNK4099: PDB 'ossl_static.pdb' was not found with 'libyara32.lib(curve25519.obj)' or at 'C:\Users\mlguilb\Documents\Capemon_dev\FORK\capemon\Debug\ossl_static.pdb'; linking object as if no debug info
libyara32.lib(dso_win32.obj) : warning LNK4099: PDB '' was not found with 'libyara32.lib(dso_win32.obj)' or at ''; linking object as if no debug info
libyara32.lib(dso_lib.obj) : warning LNK4099: PDB '' was not found with 'libyara32.lib(dso_lib.obj)' or at ''; linking object as if no debug info
libyara32.lib(dso_err.obj) : warning LNK4099: PDB 'ossl_static.pdb' was not found with 'libyara32.lib(dso_err.obj)' or at 'C:\Users\mlguilb\Documents\Capemon_dev\FORK\capemon\Debug\ossl_static.pdb'; linking object as if no debug info
libyara32.lib(dsa_vrf.obj) : warning LNK4099: PDB '' was not found with 'libyara32.lib(dsa_vrf.obj)' or at ''; linking object as if no debug info
libyara32.lib(dsa_sign.obj) : warning LNK4099: PDB '' was not found with 'libyara32.lib(dsa_sign.obj)' or at ''; linking object as if no debug info
libyara32.lib(dsa_pmeth.obj) : warning LNK4099: PDB 'ossl_static.pdb' was not found with 'libyara32.lib(dsa_pmeth.obj)' or at 'C:\Users\mlguilb\Documents\Capemon_dev\FORK\capemon\Debug\ossl_static.pdb'; linking object as if no debug info
libyara32.lib(dsa_ossl.obj) : warning LNK4099: PDB '' was not found with 'libyara32.lib(dsa_ossl.obj)' or at ''; linking object as if no debug info
libyara32.lib(dsa_meth.obj) : warning LNK4099: PDB '' was not found with 'libyara32.lib(dsa_meth.obj)' or at ''; linking object as if no debug info
libyara32.lib(dsa_lib.obj) : warning LNK4099: PDB 'ossl_static.pdb' was not found with 'libyara32.lib(dsa_lib.obj)' or at 'C:\Users\mlguilb\Documents\Capemon_dev\FORK\capemon\Debug\ossl_static.pdb'; linking object as if no debug info
libyara32.lib(dsa_key.obj) : warning LNK4099: PDB '' was not found with 'libyara32.lib(dsa_key.obj)' or at ''; linking object as if no debug info
libyara32.lib(dsa_gen.obj) : warning LNK4099: PDB 'ossl_static.pdb' was not found with 'libyara32.lib(dsa_gen.obj)' or at 'C:\Users\mlguilb\Documents\Capemon_dev\FORK\capemon\Debug\ossl_static.pdb'; linking object as if no debug info
libyara32.lib(dsa_err.obj) : warning LNK4099: PDB 'ossl_static.pdb' was not found with 'libyara32.lib(dsa_err.obj)' or at 'C:\Users\mlguilb\Documents\Capemon_dev\FORK\capemon\Debug\ossl_static.pdb'; linking object as if no debug info
libyara32.lib(dsa_asn1.obj) : warning LNK4099: PDB '' was not found with 'libyara32.lib(dsa_asn1.obj)' or at ''; linking object as if no debug info
libyara32.lib(dsa_ameth.obj) : warning LNK4099: PDB '' was not found with 'libyara32.lib(dsa_ameth.obj)' or at ''; linking object as if no debug info
libyara32.lib(dh_rfc7919.obj) : warning LNK4099: PDB 'ossl_static.pdb' was not found with 'libyara32.lib(dh_rfc7919.obj)' or at 'C:\Users\mlguilb\Documents\Capemon_dev\FORK\capemon\Debug\ossl_static.pdb'; linking object as if no debug info
libyara32.lib(dh_rfc5114.obj) : warning LNK4099: PDB '' was not found with 'libyara32.lib(dh_rfc5114.obj)' or at ''; linking object as if no debug info
libyara32.lib(dh_pmeth.obj) : warning LNK4099: PDB '' was not found with 'libyara32.lib(dh_pmeth.obj)' or at ''; linking object as if no debug info
libyara32.lib(dh_lib.obj) : warning LNK4099: PDB 'ossl_static.pdb' was not found with 'libyara32.lib(dh_lib.obj)' or at 'C:\Users\mlguilb\Documents\Capemon_dev\FORK\capemon\Debug\ossl_static.pdb'; linking object as if no debug info
libyara32.lib(dh_key.obj) : warning LNK4099: PDB 'ossl_static.pdb' was not found with 'libyara32.lib(dh_key.obj)' or at 'C:\Users\mlguilb\Documents\Capemon_dev\FORK\capemon\Debug\ossl_static.pdb'; linking object as if no debug info
libyara32.lib(dh_kdf.obj) : warning LNK4099: PDB '' was not found with 'libyara32.lib(dh_kdf.obj)' or at ''; linking object as if no debug info
libyara32.lib(dh_gen.obj) : warning LNK4099: PDB 'ossl_static.pdb' was not found with 'libyara32.lib(dh_gen.obj)' or at 'C:\Users\mlguilb\Documents\Capemon_dev\FORK\capemon\Debug\ossl_static.pdb'; linking object as if no debug info
libyara32.lib(dh_err.obj) : warning LNK4099: PDB 'ossl_static.pdb' was not found with 'libyara32.lib(dh_err.obj)' or at 'C:\Users\mlguilb\Documents\Capemon_dev\FORK\capemon\Debug\ossl_static.pdb'; linking object as if no debug info
libyara32.lib(dh_check.obj) : warning LNK4099: PDB '' was not found with 'libyara32.lib(dh_check.obj)' or at ''; linking object as if no debug info
libyara32.lib(dh_asn1.obj) : warning LNK4099: PDB 'ossl_static.pdb' was not found with 'libyara32.lib(dh_asn1.obj)' or at 'C:\Users\mlguilb\Documents\Capemon_dev\FORK\capemon\Debug\ossl_static.pdb'; linking object as if no debug info
libyara32.lib(dh_ameth.obj) : warning LNK4099: PDB 'ossl_static.pdb' was not found with 'libyara32.lib(dh_ameth.obj)' or at 'C:\Users\mlguilb\Documents\Capemon_dev\FORK\capemon\Debug\ossl_static.pdb'; linking object as if no debug info
libyara32.lib(xcbc_enc.obj) : warning LNK4099: PDB '' was not found with 'libyara32.lib(xcbc_enc.obj)' or at ''; linking object as if no debug info
libyara32.lib(set_key.obj) : warning LNK4099: PDB 'ossl_static.pdb' was not found with 'libyara32.lib(set_key.obj)' or at 'C:\Users\mlguilb\Documents\Capemon_dev\FORK\capemon\Debug\ossl_static.pdb'; linking object as if no debug info
libyara32.lib(ofb64enc.obj) : warning LNK4099: PDB 'ossl_static.pdb' was not found with 'libyara32.lib(ofb64enc.obj)' or at 'C:\Users\mlguilb\Documents\Capemon_dev\FORK\capemon\Debug\ossl_static.pdb'; linking object as if no debug info
libyara32.lib(ofb64ede.obj) : warning LNK4099: PDB 'ossl_static.pdb' was not found with 'libyara32.lib(ofb64ede.obj)' or at 'C:\Users\mlguilb\Documents\Capemon_dev\FORK\capemon\Debug\ossl_static.pdb'; linking object as if no debug info
libyara32.lib(ecb_enc.obj) : warning LNK4099: PDB 'ossl_static.pdb' was not found with 'libyara32.lib(ecb_enc.obj)' or at 'C:\Users\mlguilb\Documents\Capemon_dev\FORK\capemon\Debug\ossl_static.pdb'; linking object as if no debug info
libyara32.lib(ecb3_enc.obj) : warning LNK4099: PDB 'ossl_static.pdb' was not found with 'libyara32.lib(ecb3_enc.obj)' or at 'C:\Users\mlguilb\Documents\Capemon_dev\FORK\capemon\Debug\ossl_static.pdb'; linking object as if no debug info
libyara32.lib(des_enc.obj) : warning LNK4099: PDB '' was not found with 'libyara32.lib(des_enc.obj)' or at ''; linking object as if no debug info
libyara32.lib(cfb_enc.obj) : warning LNK4099: PDB 'ossl_static.pdb' was not found with 'libyara32.lib(cfb_enc.obj)' or at 'C:\Users\mlguilb\Documents\Capemon_dev\FORK\capemon\Debug\ossl_static.pdb'; linking object as if no debug info
libyara32.lib(cfb64enc.obj) : warning LNK4099: PDB 'ossl_static.pdb' was not found with 'libyara32.lib(cfb64enc.obj)' or at 'C:\Users\mlguilb\Documents\Capemon_dev\FORK\capemon\Debug\ossl_static.pdb'; linking object as if no debug info
libyara32.lib(cfb64ede.obj) : warning LNK4099: PDB '' was not found with 'libyara32.lib(cfb64ede.obj)' or at ''; linking object as if no debug info
libyara32.lib(ctype.obj) : warning LNK4099: PDB 'ossl_static.pdb' was not found with 'libyara32.lib(ctype.obj)' or at 'C:\Users\mlguilb\Documents\Capemon_dev\FORK\capemon\Debug\ossl_static.pdb'; linking object as if no debug info
libyara32.lib(ct_x509v3.obj) : warning LNK4099: PDB '' was not found with 'libyara32.lib(ct_x509v3.obj)' or at ''; linking object as if no debug info
libyara32.lib(ct_vfy.obj) : warning LNK4099: PDB '' was not found with 'libyara32.lib(ct_vfy.obj)' or at ''; linking object as if no debug info
libyara32.lib(ct_sct_ctx.obj) : warning LNK4099: PDB 'ossl_static.pdb' was not found with 'libyara32.lib(ct_sct_ctx.obj)' or at 'C:\Users\mlguilb\Documents\Capemon_dev\FORK\capemon\Debug\ossl_static.pdb'; linking object as if no debug info
libyara32.lib(ct_sct.obj) : warning LNK4099: PDB 'ossl_static.pdb' was not found with 'libyara32.lib(ct_sct.obj)' or at 'C:\Users\mlguilb\Documents\Capemon_dev\FORK\capemon\Debug\ossl_static.pdb'; linking object as if no debug info
libyara32.lib(ct_prn.obj) : warning LNK4099: PDB '' was not found with 'libyara32.lib(ct_prn.obj)' or at ''; linking object as if no debug info
libyara32.lib(ct_oct.obj) : warning LNK4099: PDB 'ossl_static.pdb' was not found with 'libyara32.lib(ct_oct.obj)' or at 'C:\Users\mlguilb\Documents\Capemon_dev\FORK\capemon\Debug\ossl_static.pdb'; linking object as if no debug info
libyara32.lib(ct_log.obj) : warning LNK4099: PDB 'ossl_static.pdb' was not found with 'libyara32.lib(ct_log.obj)' or at 'C:\Users\mlguilb\Documents\Capemon_dev\FORK\capemon\Debug\ossl_static.pdb'; linking object as if no debug info
libyara32.lib(ct_err.obj) : warning LNK4099: PDB '' was not found with 'libyara32.lib(ct_err.obj)' or at ''; linking object as if no debug info
libyara32.lib(ct_b64.obj) : warning LNK4099: PDB 'ossl_static.pdb' was not found with 'libyara32.lib(ct_b64.obj)' or at 'C:\Users\mlguilb\Documents\Capemon_dev\FORK\capemon\Debug\ossl_static.pdb'; linking object as if no debug info
libyara32.lib(cryptlib.obj) : warning LNK4099: PDB '' was not found with 'libyara32.lib(cryptlib.obj)' or at ''; linking object as if no debug info
libyara32.lib(cpt_err.obj) : warning LNK4099: PDB 'ossl_static.pdb' was not found with 'libyara32.lib(cpt_err.obj)' or at 'C:\Users\mlguilb\Documents\Capemon_dev\FORK\capemon\Debug\ossl_static.pdb'; linking object as if no debug info
libyara32.lib(conf_ssl.obj) : warning LNK4099: PDB 'ossl_static.pdb' was not found with 'libyara32.lib(conf_ssl.obj)' or at 'C:\Users\mlguilb\Documents\Capemon_dev\FORK\capemon\Debug\ossl_static.pdb'; linking object as if no debug info
libyara32.lib(conf_sap.obj) : warning LNK4099: PDB '' was not found with 'libyara32.lib(conf_sap.obj)' or at ''; linking object as if no debug info
libyara32.lib(conf_mod.obj) : warning LNK4099: PDB '' was not found with 'libyara32.lib(conf_mod.obj)' or at ''; linking object as if no debug info
libyara32.lib(conf_mall.obj) : warning LNK4099: PDB 'ossl_static.pdb' was not found with 'libyara32.lib(conf_mall.obj)' or at 'C:\Users\mlguilb\Documents\Capemon_dev\FORK\capemon\Debug\ossl_static.pdb'; linking object as if no debug info
libyara32.lib(conf_lib.obj) : warning LNK4099: PDB '' was not found with 'libyara32.lib(conf_lib.obj)' or at ''; linking object as if no debug info
libyara32.lib(conf_err.obj) : warning LNK4099: PDB 'ossl_static.pdb' was not found with 'libyara32.lib(conf_err.obj)' or at 'C:\Users\mlguilb\Documents\Capemon_dev\FORK\capemon\Debug\ossl_static.pdb'; linking object as if no debug info
libyara32.lib(conf_def.obj) : warning LNK4099: PDB 'ossl_static.pdb' was not found with 'libyara32.lib(conf_def.obj)' or at 'C:\Users\mlguilb\Documents\Capemon_dev\FORK\capemon\Debug\ossl_static.pdb'; linking object as if no debug info
libyara32.lib(conf_api.obj) : warning LNK4099: PDB '' was not found with 'libyara32.lib(conf_api.obj)' or at ''; linking object as if no debug info
libyara32.lib(comp_err.obj) : warning LNK4099: PDB '' was not found with 'libyara32.lib(comp_err.obj)' or at ''; linking object as if no debug info
libyara32.lib(c_zlib.obj) : warning LNK4099: PDB 'ossl_static.pdb' was not found with 'libyara32.lib(c_zlib.obj)' or at 'C:\Users\mlguilb\Documents\Capemon_dev\FORK\capemon\Debug\ossl_static.pdb'; linking object as if no debug info
libyara32.lib(cms_sd.obj) : warning LNK4099: PDB 'ossl_static.pdb' was not found with 'libyara32.lib(cms_sd.obj)' or at 'C:\Users\mlguilb\Documents\Capemon_dev\FORK\capemon\Debug\ossl_static.pdb'; linking object as if no debug info
libyara32.lib(cms_pwri.obj) : warning LNK4099: PDB '' was not found with 'libyara32.lib(cms_pwri.obj)' or at ''; linking object as if no debug info
libyara32.lib(cms_lib.obj) : warning LNK4099: PDB 'ossl_static.pdb' was not found with 'libyara32.lib(cms_lib.obj)' or at 'C:\Users\mlguilb\Documents\Capemon_dev\FORK\capemon\Debug\ossl_static.pdb'; linking object as if no debug info
libyara32.lib(cms_kari.obj) : warning LNK4099: PDB '' was not found with 'libyara32.lib(cms_kari.obj)' or at ''; linking object as if no debug info
libyara32.lib(cms_io.obj) : warning LNK4099: PDB '' was not found with 'libyara32.lib(cms_io.obj)' or at ''; linking object as if no debug info
libyara32.lib(cms_err.obj) : warning LNK4099: PDB 'ossl_static.pdb' was not found with 'libyara32.lib(cms_err.obj)' or at 'C:\Users\mlguilb\Documents\Capemon_dev\FORK\capemon\Debug\ossl_static.pdb'; linking object as if no debug info
libyara32.lib(cms_env.obj) : warning LNK4099: PDB 'ossl_static.pdb' was not found with 'libyara32.lib(cms_env.obj)' or at 'C:\Users\mlguilb\Documents\Capemon_dev\FORK\capemon\Debug\ossl_static.pdb'; linking object as if no debug info
libyara32.lib(cms_enc.obj) : warning LNK4099: PDB '' was not found with 'libyara32.lib(cms_enc.obj)' or at ''; linking object as if no debug info
libyara32.lib(cms_dd.obj) : warning LNK4099: PDB 'ossl_static.pdb' was not found with 'libyara32.lib(cms_dd.obj)' or at 'C:\Users\mlguilb\Documents\Capemon_dev\FORK\capemon\Debug\ossl_static.pdb'; linking object as if no debug info
libyara32.lib(cms_att.obj) : warning LNK4099: PDB '' was not found with 'libyara32.lib(cms_att.obj)' or at ''; linking object as if no debug info
libyara32.lib(cms_asn1.obj) : warning LNK4099: PDB '' was not found with 'libyara32.lib(cms_asn1.obj)' or at ''; linking object as if no debug info
libyara32.lib(cmac.obj) : warning LNK4099: PDB 'ossl_static.pdb' was not found with 'libyara32.lib(cmac.obj)' or at 'C:\Users\mlguilb\Documents\Capemon_dev\FORK\capemon\Debug\ossl_static.pdb'; linking object as if no debug info
libyara32.lib(cm_pmeth.obj) : warning LNK4099: PDB '' was not found with 'libyara32.lib(cm_pmeth.obj)' or at ''; linking object as if no debug info
libyara32.lib(cm_ameth.obj) : warning LNK4099: PDB '' was not found with 'libyara32.lib(cm_ameth.obj)' or at ''; linking object as if no debug info
libyara32.lib(chacha_enc.obj) : warning LNK4099: PDB 'ossl_static.pdb' was not found with 'libyara32.lib(chacha_enc.obj)' or at 'C:\Users\mlguilb\Documents\Capemon_dev\FORK\capemon\Debug\ossl_static.pdb'; linking object as if no debug info
libyara32.lib(c_skey.obj) : warning LNK4099: PDB '' was not found with 'libyara32.lib(c_skey.obj)' or at ''; linking object as if no debug info
libyara32.lib(c_ofb64.obj) : warning LNK4099: PDB '' was not found with 'libyara32.lib(c_ofb64.obj)' or at ''; linking object as if no debug info
libyara32.lib(c_enc.obj) : warning LNK4099: PDB 'ossl_static.pdb' was not found with 'libyara32.lib(c_enc.obj)' or at 'C:\Users\mlguilb\Documents\Capemon_dev\FORK\capemon\Debug\ossl_static.pdb'; linking object as if no debug info
libyara32.lib(c_ecb.obj) : warning LNK4099: PDB '' was not found with 'libyara32.lib(c_ecb.obj)' or at ''; linking object as if no debug info
libyara32.lib(c_cfb64.obj) : warning LNK4099: PDB '' was not found with 'libyara32.lib(c_cfb64.obj)' or at ''; linking object as if no debug info
libyara32.lib(cmll_misc.obj) : warning LNK4099: PDB 'ossl_static.pdb' was not found with 'libyara32.lib(cmll_misc.obj)' or at 'C:\Users\mlguilb\Documents\Capemon_dev\FORK\capemon\Debug\ossl_static.pdb'; linking object as if no debug info
libyara32.lib(cmll_cbc.obj) : warning LNK4099: PDB '' was not found with 'libyara32.lib(cmll_cbc.obj)' or at ''; linking object as if no debug info
libyara32.lib(camellia.obj) : warning LNK4099: PDB '' was not found with 'libyara32.lib(camellia.obj)' or at ''; linking object as if no debug info
libyara32.lib(buffer.obj) : warning LNK4099: PDB 'ossl_static.pdb' was not found with 'libyara32.lib(buffer.obj)' or at 'C:\Users\mlguilb\Documents\Capemon_dev\FORK\capemon\Debug\ossl_static.pdb'; linking object as if no debug info
libyara32.lib(buf_err.obj) : warning LNK4099: PDB 'ossl_static.pdb' was not found with 'libyara32.lib(buf_err.obj)' or at 'C:\Users\mlguilb\Documents\Capemon_dev\FORK\capemon\Debug\ossl_static.pdb'; linking object as if no debug info
libyara32.lib(bn_word.obj) : warning LNK4099: PDB '' was not found with 'libyara32.lib(bn_word.obj)' or at ''; linking object as if no debug info
libyara32.lib(bn_sqrt.obj) : warning LNK4099: PDB 'ossl_static.pdb' was not found with 'libyara32.lib(bn_sqrt.obj)' or at 'C:\Users\mlguilb\Documents\Capemon_dev\FORK\capemon\Debug\ossl_static.pdb'; linking object as if no debug info
libyara32.lib(bn_sqr.obj) : warning LNK4099: PDB '' was not found with 'libyara32.lib(bn_sqr.obj)' or at ''; linking object as if no debug info
libyara32.lib(bn_shift.obj) : warning LNK4099: PDB 'ossl_static.pdb' was not found with 'libyara32.lib(bn_shift.obj)' or at 'C:\Users\mlguilb\Documents\Capemon_dev\FORK\capemon\Debug\ossl_static.pdb'; linking object as if no debug info
libyara32.lib(bn_recp.obj) : warning LNK4099: PDB 'ossl_static.pdb' was not found with 'libyara32.lib(bn_recp.obj)' or at 'C:\Users\mlguilb\Documents\Capemon_dev\FORK\capemon\Debug\ossl_static.pdb'; linking object as if no debug info
libyara32.lib(bn_rand.obj) : warning LNK4099: PDB '' was not found with 'libyara32.lib(bn_rand.obj)' or at ''; linking object as if no debug info
libyara32.lib(bn_print.obj) : warning LNK4099: PDB 'ossl_static.pdb' was not found with 'libyara32.lib(bn_print.obj)' or at 'C:\Users\mlguilb\Documents\Capemon_dev\FORK\capemon\Debug\ossl_static.pdb'; linking object as if no debug info
libyara32.lib(bn_prime.obj) : warning LNK4099: PDB 'ossl_static.pdb' was not found with 'libyara32.lib(bn_prime.obj)' or at 'C:\Users\mlguilb\Documents\Capemon_dev\FORK\capemon\Debug\ossl_static.pdb'; linking object as if no debug info
libyara32.lib(bn_nist.obj) : warning LNK4099: PDB '' was not found with 'libyara32.lib(bn_nist.obj)' or at ''; linking object as if no debug info
libyara32.lib(bn_mul.obj) : warning LNK4099: PDB '' was not found with 'libyara32.lib(bn_mul.obj)' or at ''; linking object as if no debug info
libyara32.lib(bn_mont.obj) : warning LNK4099: PDB 'ossl_static.pdb' was not found with 'libyara32.lib(bn_mont.obj)' or at 'C:\Users\mlguilb\Documents\Capemon_dev\FORK\capemon\Debug\ossl_static.pdb'; linking object as if no debug info
libyara32.lib(bn_mod.obj) : warning LNK4099: PDB '' was not found with 'libyara32.lib(bn_mod.obj)' or at ''; linking object as if no debug info
libyara32.lib(bn_lib.obj) : warning LNK4099: PDB 'ossl_static.pdb' was not found with 'libyara32.lib(bn_lib.obj)' or at 'C:\Users\mlguilb\Documents\Capemon_dev\FORK\capemon\Debug\ossl_static.pdb'; linking object as if no debug info
libyara32.lib(bn_kron.obj) : warning LNK4099: PDB 'ossl_static.pdb' was not found with 'libyara32.lib(bn_kron.obj)' or at 'C:\Users\mlguilb\Documents\Capemon_dev\FORK\capemon\Debug\ossl_static.pdb'; linking object as if no debug info
libyara32.lib(bn_intern.obj) : warning LNK4099: PDB '' was not found with 'libyara32.lib(bn_intern.obj)' or at ''; linking object as if no debug info
libyara32.lib(bn_gf2m.obj) : warning LNK4099: PDB '' was not found with 'libyara32.lib(bn_gf2m.obj)' or at ''; linking object as if no debug info
libyara32.lib(bn_gcd.obj) : warning LNK4099: PDB 'ossl_static.pdb' was not found with 'libyara32.lib(bn_gcd.obj)' or at 'C:\Users\mlguilb\Documents\Capemon_dev\FORK\capemon\Debug\ossl_static.pdb'; linking object as if no debug info
libyara32.lib(bn_exp2.obj) : warning LNK4099: PDB 'ossl_static.pdb' was not found with 'libyara32.lib(bn_exp2.obj)' or at 'C:\Users\mlguilb\Documents\Capemon_dev\FORK\capemon\Debug\ossl_static.pdb'; linking object as if no debug info
libyara32.lib(bn_exp.obj) : warning LNK4099: PDB '' was not found with 'libyara32.lib(bn_exp.obj)' or at ''; linking object as if no debug info
libyara32.lib(bn_err.obj) : warning LNK4099: PDB 'ossl_static.pdb' was not found with 'libyara32.lib(bn_err.obj)' or at 'C:\Users\mlguilb\Documents\Capemon_dev\FORK\capemon\Debug\ossl_static.pdb'; linking object as if no debug info
libyara32.lib(bn_div.obj) : warning LNK4099: PDB '' was not found with 'libyara32.lib(bn_div.obj)' or at ''; linking object as if no debug info
libyara32.lib(bn_dh.obj) : warning LNK4099: PDB '' was not found with 'libyara32.lib(bn_dh.obj)' or at ''; linking object as if no debug info
libyara32.lib(bn_ctx.obj) : warning LNK4099: PDB 'ossl_static.pdb' was not found with 'libyara32.lib(bn_ctx.obj)' or at 'C:\Users\mlguilb\Documents\Capemon_dev\FORK\capemon\Debug\ossl_static.pdb'; linking object as if no debug info
libyara32.lib(bn_blind.obj) : warning LNK4099: PDB '' was not found with 'libyara32.lib(bn_blind.obj)' or at ''; linking object as if no debug info
libyara32.lib(bn_asm.obj) : warning LNK4099: PDB '' was not found with 'libyara32.lib(bn_asm.obj)' or at ''; linking object as if no debug info
libyara32.lib(bn_add.obj) : warning LNK4099: PDB 'ossl_static.pdb' was not found with 'libyara32.lib(bn_add.obj)' or at 'C:\Users\mlguilb\Documents\Capemon_dev\FORK\capemon\Debug\ossl_static.pdb'; linking object as if no debug info
libyara32.lib(m_blake2s.obj) : warning LNK4099: PDB '' was not found with 'libyara32.lib(m_blake2s.obj)' or at ''; linking object as if no debug info
libyara32.lib(m_blake2b.obj) : warning LNK4099: PDB '' was not found with 'libyara32.lib(m_blake2b.obj)' or at ''; linking object as if no debug info
libyara32.lib(blake2s.obj) : warning LNK4099: PDB 'ossl_static.pdb' was not found with 'libyara32.lib(blake2s.obj)' or at 'C:\Users\mlguilb\Documents\Capemon_dev\FORK\capemon\Debug\ossl_static.pdb'; linking object as if no debug info
libyara32.lib(blake2b.obj) : warning LNK4099: PDB '' was not found with 'libyara32.lib(blake2b.obj)' or at ''; linking object as if no debug info
libyara32.lib(bss_sock.obj) : warning LNK4099: PDB '' was not found with 'libyara32.lib(bss_sock.obj)' or at ''; linking object as if no debug info
libyara32.lib(bss_null.obj) : warning LNK4099: PDB 'ossl_static.pdb' was not found with 'libyara32.lib(bss_null.obj)' or at 'C:\Users\mlguilb\Documents\Capemon_dev\FORK\capemon\Debug\ossl_static.pdb'; linking object as if no debug info
libyara32.lib(bss_mem.obj) : warning LNK4099: PDB '' was not found with 'libyara32.lib(bss_mem.obj)' or at ''; linking object as if no debug info
libyara32.lib(bss_file.obj) : warning LNK4099: PDB '' was not found with 'libyara32.lib(bss_file.obj)' or at ''; linking object as if no debug info
libyara32.lib(bio_meth.obj) : warning LNK4099: PDB 'ossl_static.pdb' was not found with 'libyara32.lib(bio_meth.obj)' or at 'C:\Users\mlguilb\Documents\Capemon_dev\FORK\capemon\Debug\ossl_static.pdb'; linking object as if no debug info
libyara32.lib(bio_lib.obj) : warning LNK4099: PDB '' was not found with 'libyara32.lib(bio_lib.obj)' or at ''; linking object as if no debug info
libyara32.lib(bio_err.obj) : warning LNK4099: PDB '' was not found with 'libyara32.lib(bio_err.obj)' or at ''; linking object as if no debug info
libyara32.lib(bf_buff.obj) : warning LNK4099: PDB 'ossl_static.pdb' was not found with 'libyara32.lib(bf_buff.obj)' or at 'C:\Users\mlguilb\Documents\Capemon_dev\FORK\capemon\Debug\ossl_static.pdb'; linking object as if no debug info
libyara32.lib(b_sock2.obj) : warning LNK4099: PDB 'ossl_static.pdb' was not found with 'libyara32.lib(b_sock2.obj)' or at 'C:\Users\mlguilb\Documents\Capemon_dev\FORK\capemon\Debug\ossl_static.pdb'; linking object as if no debug info
libyara32.lib(b_sock.obj) : warning LNK4099: PDB '' was not found with 'libyara32.lib(b_sock.obj)' or at ''; linking object as if no debug info
libyara32.lib(b_print.obj) : warning LNK4099: PDB 'ossl_static.pdb' was not found with 'libyara32.lib(b_print.obj)' or at 'C:\Users\mlguilb\Documents\Capemon_dev\FORK\capemon\Debug\ossl_static.pdb'; linking object as if no debug info
libyara32.lib(b_dump.obj) : warning LNK4099: PDB '' was not found with 'libyara32.lib(b_dump.obj)' or at ''; linking object as if no debug info
libyara32.lib(b_addr.obj) : warning LNK4099: PDB '' was not found with 'libyara32.lib(b_addr.obj)' or at ''; linking object as if no debug info
libyara32.lib(bf_skey.obj) : warning LNK4099: PDB 'ossl_static.pdb' was not found with 'libyara32.lib(bf_skey.obj)' or at 'C:\Users\mlguilb\Documents\Capemon_dev\FORK\capemon\Debug\ossl_static.pdb'; linking object as if no debug info
libyara32.lib(bf_ofb64.obj) : warning LNK4099: PDB 'ossl_static.pdb' was not found with 'libyara32.lib(bf_ofb64.obj)' or at 'C:\Users\mlguilb\Documents\Capemon_dev\FORK\capemon\Debug\ossl_static.pdb'; linking object as if no debug info
libyara32.lib(bf_enc.obj) : warning LNK4099: PDB 'ossl_static.pdb' was not found with 'libyara32.lib(bf_enc.obj)' or at 'C:\Users\mlguilb\Documents\Capemon_dev\FORK\capemon\Debug\ossl_static.pdb'; linking object as if no debug info
libyara32.lib(bf_ecb.obj) : warning LNK4099: PDB 'ossl_static.pdb' was not found with 'libyara32.lib(bf_ecb.obj)' or at 'C:\Users\mlguilb\Documents\Capemon_dev\FORK\capemon\Debug\ossl_static.pdb'; linking object as if no debug info
libyara32.lib(bf_cfb64.obj) : warning LNK4099: PDB 'ossl_static.pdb' was not found with 'libyara32.lib(bf_cfb64.obj)' or at 'C:\Users\mlguilb\Documents\Capemon_dev\FORK\capemon\Debug\ossl_static.pdb'; linking object as if no debug info
libyara32.lib(async_wait.obj) : warning LNK4099: PDB '' was not found with 'libyara32.lib(async_wait.obj)' or at ''; linking object as if no debug info
libyara32.lib(async_err.obj) : warning LNK4099: PDB 'ossl_static.pdb' was not found with 'libyara32.lib(async_err.obj)' or at 'C:\Users\mlguilb\Documents\Capemon_dev\FORK\capemon\Debug\ossl_static.pdb'; linking object as if no debug info
libyara32.lib(async.obj) : warning LNK4099: PDB '' was not found with 'libyara32.lib(async.obj)' or at ''; linking object as if no debug info
libyara32.lib(async_win.obj) : warning LNK4099: PDB '' was not found with 'libyara32.lib(async_win.obj)' or at ''; linking object as if no debug info
libyara32.lib(x_val.obj) : warning LNK4099: PDB 'ossl_static.pdb' was not found with 'libyara32.lib(x_val.obj)' or at 'C:\Users\mlguilb\Documents\Capemon_dev\FORK\capemon\Debug\ossl_static.pdb'; linking object as if no debug info
libyara32.lib(x_spki.obj) : warning LNK4099: PDB '' was not found with 'libyara32.lib(x_spki.obj)' or at ''; linking object as if no debug info
libyara32.lib(x_sig.obj) : warning LNK4099: PDB '' was not found with 'libyara32.lib(x_sig.obj)' or at ''; linking object as if no debug info
libyara32.lib(x_int64.obj) : warning LNK4099: PDB 'ossl_static.pdb' was not found with 'libyara32.lib(x_int64.obj)' or at 'C:\Users\mlguilb\Documents\Capemon_dev\FORK\capemon\Debug\ossl_static.pdb'; linking object as if no debug info
libyara32.lib(x_bignum.obj) : warning LNK4099: PDB '' was not found with 'libyara32.lib(x_bignum.obj)' or at ''; linking object as if no debug info
libyara32.lib(x_algor.obj) : warning LNK4099: PDB '' was not found with 'libyara32.lib(x_algor.obj)' or at ''; linking object as if no debug info
libyara32.lib(tasn_utl.obj) : warning LNK4099: PDB 'ossl_static.pdb' was not found with 'libyara32.lib(tasn_utl.obj)' or at 'C:\Users\mlguilb\Documents\Capemon_dev\FORK\capemon\Debug\ossl_static.pdb'; linking object as if no debug info
libyara32.lib(tasn_typ.obj) : warning LNK4099: PDB '' was not found with 'libyara32.lib(tasn_typ.obj)' or at ''; linking object as if no debug info
libyara32.lib(tasn_prn.obj) : warning LNK4099: PDB '' was not found with 'libyara32.lib(tasn_prn.obj)' or at ''; linking object as if no debug info
libyara32.lib(tasn_new.obj) : warning LNK4099: PDB 'ossl_static.pdb' was not found with 'libyara32.lib(tasn_new.obj)' or at 'C:\Users\mlguilb\Documents\Capemon_dev\FORK\capemon\Debug\ossl_static.pdb'; linking object as if no debug info
libyara32.lib(tasn_fre.obj) : warning LNK4099: PDB '' was not found with 'libyara32.lib(tasn_fre.obj)' or at ''; linking object as if no debug info
libyara32.lib(tasn_enc.obj) : warning LNK4099: PDB 'ossl_static.pdb' was not found with 'libyara32.lib(tasn_enc.obj)' or at 'C:\Users\mlguilb\Documents\Capemon_dev\FORK\capemon\Debug\ossl_static.pdb'; linking object as if no debug info
libyara32.lib(tasn_dec.obj) : warning LNK4099: PDB 'ossl_static.pdb' was not found with 'libyara32.lib(tasn_dec.obj)' or at 'C:\Users\mlguilb\Documents\Capemon_dev\FORK\capemon\Debug\ossl_static.pdb'; linking object as if no debug info
libyara32.lib(t_pkey.obj) : warning LNK4099: PDB 'ossl_static.pdb' was not found with 'libyara32.lib(t_pkey.obj)' or at 'C:\Users\mlguilb\Documents\Capemon_dev\FORK\capemon\Debug\ossl_static.pdb'; linking object as if no debug info
libyara32.lib(p8_pkey.obj) : warning LNK4099: PDB '' was not found with 'libyara32.lib(p8_pkey.obj)' or at ''; linking object as if no debug info
libyara32.lib(p5_scrypt.obj) : warning LNK4099: PDB 'ossl_static.pdb' was not found with 'libyara32.lib(p5_scrypt.obj)' or at 'C:\Users\mlguilb\Documents\Capemon_dev\FORK\capemon\Debug\ossl_static.pdb'; linking object as if no debug info
libyara32.lib(p5_pbev2.obj) : warning LNK4099: PDB '' was not found with 'libyara32.lib(p5_pbev2.obj)' or at ''; linking object as if no debug info
libyara32.lib(p5_pbe.obj) : warning LNK4099: PDB '' was not found with 'libyara32.lib(p5_pbe.obj)' or at ''; linking object as if no debug info
libyara32.lib(i2d_pr.obj) : warning LNK4099: PDB 'ossl_static.pdb' was not found with 'libyara32.lib(i2d_pr.obj)' or at 'C:\Users\mlguilb\Documents\Capemon_dev\FORK\capemon\Debug\ossl_static.pdb'; linking object as if no debug info
libyara32.lib(f_string.obj) : warning LNK4099: PDB 'ossl_static.pdb' was not found with 'libyara32.lib(f_string.obj)' or at 'C:\Users\mlguilb\Documents\Capemon_dev\FORK\capemon\Debug\ossl_static.pdb'; linking object as if no debug info
libyara32.lib(f_int.obj) : warning LNK4099: PDB '' was not found with 'libyara32.lib(f_int.obj)' or at ''; linking object as if no debug info
libyara32.lib(evp_asn1.obj) : warning LNK4099: PDB 'ossl_static.pdb' was not found with 'libyara32.lib(evp_asn1.obj)' or at 'C:\Users\mlguilb\Documents\Capemon_dev\FORK\capemon\Debug\ossl_static.pdb'; linking object as if no debug info
libyara32.lib(d2i_pr.obj) : warning LNK4099: PDB '' was not found with 'libyara32.lib(d2i_pr.obj)' or at ''; linking object as if no debug info
libyara32.lib(bio_ndef.obj) : warning LNK4099: PDB '' was not found with 'libyara32.lib(bio_ndef.obj)' or at ''; linking object as if no debug info
libyara32.lib(bio_asn1.obj) : warning LNK4099: PDB 'ossl_static.pdb' was not found with 'libyara32.lib(bio_asn1.obj)' or at 'C:\Users\mlguilb\Documents\Capemon_dev\FORK\capemon\Debug\ossl_static.pdb'; linking object as if no debug info
libyara32.lib(asn_pack.obj) : warning LNK4099: PDB 'ossl_static.pdb' was not found with 'libyara32.lib(asn_pack.obj)' or at 'C:\Users\mlguilb\Documents\Capemon_dev\FORK\capemon\Debug\ossl_static.pdb'; linking object as if no debug info
libyara32.lib(asn_mstbl.obj) : warning LNK4099: PDB '' was not found with 'libyara32.lib(asn_mstbl.obj)' or at ''; linking object as if no debug info
libyara32.lib(asn_moid.obj) : warning LNK4099: PDB 'ossl_static.pdb' was not found with 'libyara32.lib(asn_moid.obj)' or at 'C:\Users\mlguilb\Documents\Capemon_dev\FORK\capemon\Debug\ossl_static.pdb'; linking object as if no debug info
libyara32.lib(asn_mime.obj) : warning LNK4099: PDB '' was not found with 'libyara32.lib(asn_mime.obj)' or at ''; linking object as if no debug info
libyara32.lib(asn1_par.obj) : warning LNK4099: PDB '' was not found with 'libyara32.lib(asn1_par.obj)' or at ''; linking object as if no debug info
libyara32.lib(asn1_lib.obj) : warning LNK4099: PDB 'ossl_static.pdb' was not found with 'libyara32.lib(asn1_lib.obj)' or at 'C:\Users\mlguilb\Documents\Capemon_dev\FORK\capemon\Debug\ossl_static.pdb'; linking object as if no debug info
libyara32.lib(asn1_gen.obj) : warning LNK4099: PDB 'ossl_static.pdb' was not found with 'libyara32.lib(asn1_gen.obj)' or at 'C:\Users\mlguilb\Documents\Capemon_dev\FORK\capemon\Debug\ossl_static.pdb'; linking object as if no debug info
libyara32.lib(asn1_err.obj) : warning LNK4099: PDB '' was not found with 'libyara32.lib(asn1_err.obj)' or at ''; linking object as if no debug info
libyara32.lib(ameth_lib.obj) : warning LNK4099: PDB 'ossl_static.pdb' was not found with 'libyara32.lib(ameth_lib.obj)' or at 'C:\Users\mlguilb\Documents\Capemon_dev\FORK\capemon\Debug\ossl_static.pdb'; linking object as if no debug info
libyara32.lib(a_verify.obj) : warning LNK4099: PDB '' was not found with 'libyara32.lib(a_verify.obj)' or at ''; linking object as if no debug info
libyara32.lib(a_utf8.obj) : warning LNK4099: PDB 'ossl_static.pdb' was not found with 'libyara32.lib(a_utf8.obj)' or at 'C:\Users\mlguilb\Documents\Capemon_dev\FORK\capemon\Debug\ossl_static.pdb'; linking object as if no debug info
libyara32.lib(a_utctm.obj) : warning LNK4099: PDB 'ossl_static.pdb' was not found with 'libyara32.lib(a_utctm.obj)' or at 'C:\Users\mlguilb\Documents\Capemon_dev\FORK\capemon\Debug\ossl_static.pdb'; linking object as if no debug info
libyara32.lib(a_type.obj) : warning LNK4099: PDB '' was not found with 'libyara32.lib(a_type.obj)' or at ''; linking object as if no debug info
libyara32.lib(a_time.obj) : warning LNK4099: PDB 'ossl_static.pdb' was not found with 'libyara32.lib(a_time.obj)' or at 'C:\Users\mlguilb\Documents\Capemon_dev\FORK\capemon\Debug\ossl_static.pdb'; linking object as if no debug info
libyara32.lib(a_strnid.obj) : warning LNK4099: PDB 'ossl_static.pdb' was not found with 'libyara32.lib(a_strnid.obj)' or at 'C:\Users\mlguilb\Documents\Capemon_dev\FORK\capemon\Debug\ossl_static.pdb'; linking object as if no debug info
libyara32.lib(a_strex.obj) : warning LNK4099: PDB 'ossl_static.pdb' was not found with 'libyara32.lib(a_strex.obj)' or at 'C:\Users\mlguilb\Documents\Capemon_dev\FORK\capemon\Debug\ossl_static.pdb'; linking object as if no debug info
libyara32.lib(a_sign.obj) : warning LNK4099: PDB '' was not found with 'libyara32.lib(a_sign.obj)' or at ''; linking object as if no debug info
libyara32.lib(a_print.obj) : warning LNK4099: PDB 'ossl_static.pdb' was not found with 'libyara32.lib(a_print.obj)' or at 'C:\Users\mlguilb\Documents\Capemon_dev\FORK\capemon\Debug\ossl_static.pdb'; linking object as if no debug info
libyara32.lib(a_octet.obj) : warning LNK4099: PDB '' was not found with 'libyara32.lib(a_octet.obj)' or at ''; linking object as if no debug info
libyara32.lib(a_object.obj) : warning LNK4099: PDB '' was not found with 'libyara32.lib(a_object.obj)' or at ''; linking object as if no debug info
libyara32.lib(a_mbstr.obj) : warning LNK4099: PDB 'ossl_static.pdb' was not found with 'libyara32.lib(a_mbstr.obj)' or at 'C:\Users\mlguilb\Documents\Capemon_dev\FORK\capemon\Debug\ossl_static.pdb'; linking object as if no debug info
libyara32.lib(a_int.obj) : warning LNK4099: PDB 'ossl_static.pdb' was not found with 'libyara32.lib(a_int.obj)' or at 'C:\Users\mlguilb\Documents\Capemon_dev\FORK\capemon\Debug\ossl_static.pdb'; linking object as if no debug info
libyara32.lib(a_i2d_fp.obj) : warning LNK4099: PDB '' was not found with 'libyara32.lib(a_i2d_fp.obj)' or at ''; linking object as if no debug info
libyara32.lib(a_gentm.obj) : warning LNK4099: PDB 'ossl_static.pdb' was not found with 'libyara32.lib(a_gentm.obj)' or at 'C:\Users\mlguilb\Documents\Capemon_dev\FORK\capemon\Debug\ossl_static.pdb'; linking object as if no debug info
libyara32.lib(a_dup.obj) : warning LNK4099: PDB '' was not found with 'libyara32.lib(a_dup.obj)' or at ''; linking object as if no debug info
libyara32.lib(a_digest.obj) : warning LNK4099: PDB '' was not found with 'libyara32.lib(a_digest.obj)' or at ''; linking object as if no debug info
libyara32.lib(a_d2i_fp.obj) : warning LNK4099: PDB 'ossl_static.pdb' was not found with 'libyara32.lib(a_d2i_fp.obj)' or at 'C:\Users\mlguilb\Documents\Capemon_dev\FORK\capemon\Debug\ossl_static.pdb'; linking object as if no debug info
libyara32.lib(a_bitstr.obj) : warning LNK4099: PDB '' was not found with 'libyara32.lib(a_bitstr.obj)' or at ''; linking object as if no debug info
libyara32.lib(aria.obj) : warning LNK4099: PDB '' was not found with 'libyara32.lib(aria.obj)' or at ''; linking object as if no debug info
libyara32.lib(aes_wrap.obj) : warning LNK4099: PDB 'ossl_static.pdb' was not found with 'libyara32.lib(aes_wrap.obj)' or at 'C:\Users\mlguilb\Documents\Capemon_dev\FORK\capemon\Debug\ossl_static.pdb'; linking object as if no debug info
libyara32.lib(aes_core.obj) : warning LNK4099: PDB '' was not found with 'libyara32.lib(aes_core.obj)' or at ''; linking object as if no debug info
libyara32.lib(aes_cbc.obj) : warning LNK4099: PDB '' was not found with 'libyara32.lib(aes_cbc.obj)' or at ''; linking object as if no debug info
  capemon.vcxproj -> C:\Users\mlguilb\Documents\Capemon_dev\FORK\capemon\Debug\capemon_dbg.dll
